date;Indice des actions;Température;Emission CO2;Emission CO2;Euro to US $;Taux d'intérêt;Prix du pétrole;;;
date;PGN;TGN;CO2GN exprimés en Millions;CO2GN;GNUS;IGN;Oil;;;
01/01/2019;10558,96;5,68;1,23787969;1237879,69;0,87478;0,246;50,57;;;
02/01/2019;10580,19;0,89;1,56120991;1561209,91;0,88071;0,171;54,06;;;
03/01/2019;10416,66;-1,8;1,89769072;1897690,72;0,87781;0,151;53,23;;;
04/01/2019;10767,69;0,58;2,01433176;2014331,76;0,87646;0,208;55,64;;;
07/01/2019;10747,81;2,29;2,08264972;2082649,72;0,87249;0,216;57,1;;;
08/01/2019;10803,98;4,05;2,16711233;2167112,33;0,87401;0,23;56,91;;;
09/01/2019;10893,32;1,26;2,21230578;2212305,78;0,86873;0,215;59,46;;;
10/01/2019;10921,59;-0,49;2,24361471;2243614,71;0,86794;0,197;60,47;;;
11/01/2019;10887,46;1,07;2,27527284;2275272,84;0,87127;0,182;59,24;;;
14/01/2019;10855,91;1,28;2,08585441;2085854,41;0,87203;0,232;58,8;;;
15/01/2019;10891,79;2,44;2,12544399;2125443,99;0,8747;0,206;58,65;;;
16/01/2019;10931,24;4,76;2,11384215;2113842,15;0,87762;0,223;59,81;;;
17/01/2019;10918,62;2,98;2,03440395;2034403,95;0,87877;0,242;59,85;;;
18/01/2019;11205,54;-1;2,07207805;2072078,05;0,87978;0,262;62,04;;;
21/01/2019;11136,2;-1,54;2,20491106;2204911,06;0,87986;0,259;62,18;;;
22/01/2019;11090,11;-3,03;2,40134318;2401343,18;0,88055;0,24;60,9;;;
23/01/2019;11071,54;-6,72;2,84717811;2847178,11;0,87881;0,225;61,05;;;
24/01/2019;11130,18;-5,49;2,97321219;2973212,19;0,88079;0,179;61,09;;;
25/01/2019;11281,79;-4,49;2,99424789;2994247,89;0,87735;0,198;61,49;;;
28/01/2019;11210,31;0,9;2,70832043;2708320,43;0,87447;0,207;59,71;;;
29/01/2019;11218,83;-0,69;2,667981;2667981;0,87604;0,197;60,98;;;
30/01/2019;11181,66;-1,27;2,6200451;2620045,1;0,87524;0,186;61,89;;;
31/01/2019;11173,1;-1,17;2,59135036;2591350,36;0,8715;0,156;62,46;;;
01/02/2019;11180,66;-1,46;2,56159474;2561594,74;0,87199;0,166;61,86;;;
04/02/2019;11176,58;-0,81;2,69597776;2695977,76;0,87501;0,18;62,26;;;
05/02/2019;11367,98;0,34;2,69338446;2693384,46;0,87642;0,166;61,67;;;
06/02/2019;11324,72;0,55;2,68924733;2689247,33;0,87885;0,164;62,22;;;
07/02/2019;11022,02;-0,15;2,60510548;2605105,48;0,88059;0,113;61,01;;;
08/02/2019;10906,78;2,3;2,48460424;2484604,24;0,88277;0,085;61,37;;;
11/02/2019;11014,59;3,16;2,07183143;2071831,43;0,88684;0,116;61,3;;;
12/02/2019;11126,08;1,42;2,04288658;2042886,58;0,885;0,131;62,58;;;
13/02/2019;11167,22;4,18;2,01096495;2010964,95;0,88594;0,122;63,27;;;
14/02/2019;11089,79;4,65;2,05475888;2054758,88;0,88692;0,102;64;;;
15/02/2019;11299,8;2,94;2,13355029;2133550,29;0,88782;0,103;65,65;;;
18/02/2019;11299,2;4,9;2,36787421;2367874,21;0,88441;0,11;66,41;;;
19/02/2019;11309,21;4,98;2,32129225;2321292,25;0,88226;0,101;65,86;;;
20/02/2019;11401,97;5,46;2,30287995;2302879,95;0,88114;0,101;66,82;;;
21/02/2019;11423,28;6,85;2,26490209;2264902,09;0,88125;0,128;66,91;;;
22/02/2019;11457,7;1,83;2,25875358;2258753,58;0,88187;0,098;66,91;;;
25/02/2019;11505,39;4,22;2,30905036;2309050,36;0,88125;0,107;64,02;;;
26/02/2019;11540,79;5,03;2,32623322;2326233,22;0,8804;0,114;64,51;;;
27/02/2019;11487,33;6,44;2,30449512;2304495,12;0,87854;0,154;65,55;;;
28/02/2019;11515,64;5,26;2,26573257;2265732,57;0,87819;0,186;65,03;;;
01/03/2019;11601,68;3,58;2,27378115;2273781,15;0,87816;0,187;63,71;;;
04/03/2019;11592,66;8,48;2,02060219;2020602,19;0,88328;0,159;64,44;;;
05/03/2019;11620,74;5,51;1,95836154;1958361,54;0,88453;0,167;64,24;;;
06/03/2019;11587,63;5,73;1,91580929;1915809,29;0,88359;0,13;64,51;;;
07/03/2019;11517,8;9,07;1,85976596;1859765,96;0,89035;0,067;64,82;;;
08/03/2019;11457,84;5,96;1,7575048;1757504,8;0,89012;0,074;65,66;;;
11/03/2019;11543,48;2,69;1,7460017;1746001,7;0,89095;0,064;65,06;;;
12/03/2019;11524,17;4,07;1,74614037;1746140,37;0,88696;0,059;65,33;;;
13/03/2019;11572,41;6,15;1,7177876;1717787,6;0,88421;0,065;65,89;;;
14/03/2019;11587,47;5,31;1,73586556;1735865,56;0,8846;0,086;66,18;;;
15/03/2019;11685,69;7;1,72146961;1721469,61;0,88292;0,089;66,11;;;
18/03/2019;11657,06;4,41;1,69801686;1698016,86;0,88203;0,08;66,65;;;
19/03/2019;11788,41;3,62;1,79197365;1791973,65;0,88133;0,103;67,13;;;
20/03/2019;11603,89;5,62;1,89170475;1891704,75;0,8809;0,081;68,35;;;
21/03/2019;11549,96;8,44;1,96746584;1967465,84;0,88024;0,039;68,3;;;
22/03/2019;11364,17;8,4;2,0590483;2059048,3;0,88629;-0,025;66,29;;;
25/03/2019;11346,65;3,15;2,23369992;2233699,92;0,8832;-0,023;67,37;;;
26/03/2019;11419,48;4,11;2,19471633;2194716,33;0,88649;-0,014;67,51;;;
27/03/2019;11419,04;6,48;2,18470114;2184701,14;0,88873;-0,081;67,35;;;
28/03/2019;11428,16;8,2;2,18224801;2182248,01;0,89008;-0,07;66,08;;;
29/03/2019;11526,04;9,51;2,15224199;2152241,99;0,89059;-0,071;67,93;;;
01/04/2019;11681,99;4,15;2,07943411;2079434,11;0,89119;-0,026;69,08;;;
02/04/2019;11754,79;7,05;2,03224095;2032240,95;0,89362;-0,05;69,68;;;
03/04/2019;11954,4;11,65;2,02255835;2022558,35;0,89051;-0,002;69,21;;;
04/04/2019;11988,01;12,58;2,03869238;2038692,38;0,89154;-0,005;69,8;;;
05/04/2019;12009,75;10,99;2,07921881;2079218,81;0,89103;0,004;69,93;;;
08/04/2019;11963,4;10,77;2,1411023;2141102,3;0,88798;0,002;71,12;;;
09/04/2019;11850,57;6,44;2,18130016;2181300,16;0,88708;-0,005;71,02;;;
10/04/2019;11905,91;4,71;2,18558275;2185582,75;0,88881;-0,032;71,63;;;
11/04/2019;11935,2;3,15;2,18343639;2183436,39;0,88708;-0,005;71,3;;;
12/04/2019;11999,93;2,94;2,1958069;2195806,9;0,88386;0,055;71,57;;;
15/04/2019;12020,28;6,57;2,26952992;2269529,92;0,88421;0,054;70,9;;;
16/04/2019;12101,32;7,56;2,22642036;2226420,36;0,88496;0,063;70,74;;;
17/04/2019;12153,07;9,44;2,16882299;2168822,99;0,88476;0,083;71,14;;;
18/04/2019;12222,39;12,02;2,05086586;2050865,86;0,8894;0,024;70,71;;;
19/04/2019;12222,39;13,15;1,87321138;1873211,38;0,8894;0,024;70,71;;;
22/04/2019;12222,39;11,69;1,45387826;1453878,26;0,88849;0,024;70,71;;;
23/04/2019;12235,51;13,5;1,34428509;1344285,09;0,8923;0,042;74,39;;;
24/04/2019;12313,16;15,63;1,25152631;1251526,31;0,89266;-0,013;73,59;;;
25/04/2019;12282,6;16,83;1,23271366;1232713,66;0,89734;-0,009;74,94;;;
26/04/2019;12315,18;16,75;1,30489199;1304891,99;0,89586;-0,018;71,03;;;
29/04/2019;12328,02;10,7;1,58393235;1583932,35;0,89558;0,001;71,22;;;
30/04/2019;12344,08;10,76;1,69364013;1693640,13;0,8923;0,014;72,19;;;
01/05/2019;12344,08;12,78;1,71274133;1712741,33;0,88964;0,014;72,01;;;
02/05/2019;12345,42;10,12;1,74810087;1748100,87;0,89418;0,024;70,56;;;
03/05/2019;12412,75;8,19;1,77284177;1772841,77;0,89386;0,02;71,95;;;
06/05/2019;12286,88;7,65;1,83984128;1839841,28;0,89326;0,009;71,95;;;
07/05/2019;12092,74;8,61;1,89470755;1894707,55;0,89382;-0,037;70,98;;;
08/05/2019;12179,93;10,99;1,99553172;1995531,72;0,8927;-0,043;71,09;;;
09/05/2019;11973,92;13,17;2,04034535;2040345,35;0,89051;-0,05;70,61;;;
10/05/2019;12059,83;11,95;2,06948159;2069481,59;0,88936;-0,048;71,63;;;
13/05/2019;11876,65;9,81;1,97385717;1973857,17;0,88944;-0,074;72,35;;;
14/05/2019;11991,62;8,68;1,92401089;1924010,89;0,8919;-0,071;72,53;;;
15/05/2019;12099,57;8,73;1,91649569;1916495,69;0,89234;-0,096;73,09;;;
16/05/2019;12310,37;9,28;1,92751898;1927518,98;0,89453;-0,091;74,7;;;
17/05/2019;12238,94;13,54;1,90546716;1905467,16;0,8961;-0,105;73,94;;;
20/05/2019;12041,29;18,19;1,89011785;1890117,85;0,89566;-0,088;73,21;;;
21/05/2019;12143,47;17,8;1,87605805;1876058,05;0,89433;-0,059;72,94;;;
22/05/2019;12168,74;13,23;1,85178446;1851784,46;0,89654;-0,079;71,94;;;
23/05/2019;11952,41;13,56;1,80971613;1809716,13;0,89686;-0,12;68,37;;;
24/05/2019;12011,04;17,1;1,76167146;1761671,46;0,89254;-0,117;67,98;;;
27/05/2019;12071,18;17,47;1,62535762;1625357,62;0,8935;-0,142;67,98;;;
28/05/2019;12027,05;14,8;1,6115558;1611555,8;0,89494;-0,154;70,19;;;
29/05/2019;11837,81;12,9;1,59648522;1596485,22;0,89747;-0,174;70,64;;;
30/05/2019;11902,08;15,64;1,50322684;1503226,84;0,89876;-0,169;69,55;;;
31/05/2019;11726,84;18,37;1,45735088;1457350,88;0,89738;-0,201;66,78;;;
03/06/2019;11792,81;25,73;1,4066263;1406626,3;0,89274;-0,199;63,16;;;
04/06/2019;11971,17;24,28;1,38624236;1386242,36;0,89023;-0,207;63,56;;;
05/06/2019;11980,81;26,77;1,35296426;1352964,26;0,88794;-0,221;62,14;;;
06/06/2019;11953,14;22,5;1,41185965;1411859,65;0,88633;-0,233;62,77;;;
07/06/2019;12045,38;20,48;1,43222744;1432227,44;0,88203;-0,255;64,1;;;
10/06/2019;12045,38;22,01;1,36591808;1365918,08;0,88378;-0,219;64,31;;;
11/06/2019;12155,81;24,23;1,37249305;1372493,05;0,88382;-0,231;63,56;;;
12/06/2019;12115,68;24,4;1,41670153;1416701,53;0,88335;-0,235;61,66;;;
13/06/2019;12169,05;21,09;1,42390106;1423901,06;0,88711;-0,243;63,28;;;
14/06/2019;12096,4;24,07;1,45118736;1451187,36;0,89087;-0,256;63,13;;;
17/06/2019;12085,82;22,16;1,58368034;1583680,34;0,89079;-0,246;62,56;;;
18/06/2019;12331,75;24,52;1,59911779;1599117,79;0,89402;-0,323;63,35;;;
19/06/2019;12308,53;25,38;1,5872719;1587271,9;0,89162;-0,286;62,85;;;
20/06/2019;12355,39;23;1,58515763;1585157,63;0,88566;-0,322;65,44;;;
21/06/2019;12339,92;20,84;1,5756741;1575674,1;0,88335;-0,281;65,99;;;
24/06/2019;12274,57;23,37;1,51445283;1514452,83;0,878;-0,309;65,16;;;
25/06/2019;12228,44;27,48;1,49470543;1494705,43;0,87854;-0,332;66,24;;;
26/06/2019;12245,32;29,23;1,4712894;1471289,4;0,87901;-0,306;66,85;;;
27/06/2019;12271,03;20,52;1,45373432;1453734,32;0,87962;-0,315;66,78;;;
28/06/2019;12398,8;19,51;1,4494913;1449491,3;0,87812;-0,326;67,52;;;
01/07/2019;12521,38;23,23;1,42280901;1422809,01;0,88304;-0,36;65,1;;;
02/07/2019;12526,72;18,58;1,38556217;1385562,17;0,88535;-0,365;62,72;;;
03/07/2019;12616,24;16,83;1,36757266;1367572,66;0,88641;-0,384;63,53;;;
04/07/2019;12629,9;17,78;1,36433659;1364336,59;0,88637;-0,398;63,62;;;
05/07/2019;12568,53;18,76;1,34473611;1344736,11;0,89107;-0,359;64,23;;;
08/07/2019;12543,51;15,03;1,37466846;1374668,46;0,89162;-0,377;64,89;;;
09/07/2019;12436,55;15,64;1,4068154;1406815,4;0,89234;-0,357;64,3;;;
10/07/2019;12373,41;16,9;1,4448033;1444803,3;0,88881;-0,305;66,41;;;
11/07/2019;12332,12;19,53;1,503443;1503443;0,88865;-0,264;67,64;;;
12/07/2019;12323,32;18,03;1,55851856;1558518,56;0,88869;-0,245;66,65;;;
15/07/2019;12387,34;17,69;1,65397415;1653974,15;0,88794;-0,296;66,86;;;
16/07/2019;12430,97;17,62;1,67653734;1676537,34;0,89099;-0,292;65,87;;;
17/07/2019;12341,03;19,11;1,68286518;1682865,18;0,89083;-0,29;63,67;;;
18/07/2019;12227,85;22,08;1,6665546;1666554,6;0,89139;-0,309;60,7;;;
19/07/2019;12260,07;22,71;1,663986;1663986;0,89111;-0,322;61,04;;;
22/07/2019;12289,4;21,23;1,63668849;1636688,49;0,89107;-0,347;61,96;;;
23/07/2019;12490,74;24,56;1,65180832;1651808,32;0,89686;-0,357;62,28;;;
24/07/2019;12522,89;26,39;1,66608361;1666083,61;0,89742;-0,379;63,83;;;
25/07/2019;12362,1;27,44;1,69087136;1690871,36;0,89618;-0,361;63,47;;;
26/07/2019;12419,9;25,6;1,67858254;1678582,54;0,89876;-0,377;62,46;;;
29/07/2019;12417,47;24,87;1,64990127;1649901,27;0,89835;-0,391;62,29;;;
30/07/2019;12147,24;23,92;1,6258706;1625870,6;0,89771;-0,398;62,55;;;
31/07/2019;12189,04;21,59;1,59953075;1599530,75;0,89815;-0,436;64,07;;;
01/08/2019;12253,15;20,26;1,57303165;1573031,65;0,90428;-0,453;62,9;;;
02/08/2019;11872,44;19,86;1,57716829;1577168,29;0,90074;-0,49;61,12;;;
05/08/2019;11658,51;21,13;1,61436811;1614368,11;0,89405;-0,509;59,32;;;
06/08/2019;11567,96;22,58;1,61103989;1611039,89;0,89394;-0,537;58,63;;;
07/08/2019;11650,15;20,77;1,60887685;1608876,85;0,89162;-0,579;55,03;;;
08/08/2019;11845,41;20,9;1,559325;1559325;0,89282;-0,558;56,29;;;
09/08/2019;11693,8;22,56;1,53452251;1534522,51;0,89274;-0,58;57,37;;;
12/08/2019;11679,68;21,08;1,40610088;1406100,88;0,89135;-0,594;57,13;;;
13/08/2019;11750,13;18,75;1,38394576;1383945,76;0,89382;-0,609;59,9;;;
14/08/2019;11492,66;17,39;1,35477021;1354770,21;0,89686;-0,649;57,86;;;
15/08/2019;11412,67;18,12;1,34589295;1345892,95;0,90021;-0,701;57,37;;;
16/08/2019;11562,74;19,15;1,31519702;1315197,02;0,90054;-0,68;59;;;
19/08/2019;11715,37;19,76;1,31202484;1312024,84;0,90127;-0,646;59,79;;;
20/08/2019;11651,18;20,13;1,32639107;1326391,07;0,9018;-0,691;59,03;;;
21/08/2019;11802,85;18,96;1,34972213;1349722,13;0,90143;-0,673;60,6;;;
22/08/2019;11747,04;20,83;1,37724113;1377241,13;0,90249;-0,641;59,81;;;
23/08/2019;11611,51;21,77;1,40857031;1408570,31;0,90021;-0,672;58,64;;;
26/08/2019;11658,04;25,15;1,52112962;1521129,62;0,89981;-0,67;58,64;;;
27/08/2019;11730,02;25,88;1,55280055;1552800,55;0,90082;-0,697;58,44;;;
28/08/2019;11701,02;25,87;1,5833761;1583376,1;0,90289;-0,718;60,42;;;
29/08/2019;11838,88;24,51;1,63981321;1639813,21;0,90363;-0,693;60,59;;;
30/08/2019;11939,28;24,58;1,68094904;1680949,04;0,90806;-0,707;61,04;;;
02/09/2019;11953,78;17,77;1,69833113;1698331,13;0,91179;-0,701;58,55;;;
03/09/2019;11910,86;16,9;1,6720878;1672087,8;0,9122;-0,715;57,93;;;
04/09/2019;12025,04;19,44;1,62606702;1626067,02;0,90666;-0,677;60,68;;;
05/09/2019;12126,78;17,71;1,57641838;1576418,38;0,90551;-0,592;62,7;;;
06/09/2019;12191,73;14,79;1,54186903;1541869,03;0,90518;-0,633;61,28;;;
09/09/2019;12226,1;13,94;1,6591132;1659113,2;0,9044;-0,583;63,99;;;
10/09/2019;12268,71;14,81;1,66601676;1666016,76;0,90572;-0,55;64,67;;;
11/09/2019;12359,07;15,9;1,68019675;1680196,75;0,90934;-0,567;63,02;;;
12/09/2019;12410,25;17,29;1,68653835;1686538,35;0,90658;-0,538;60,76;;;
13/09/2019;12468,53;16,68;1,68230855;1682308,55;0,9022;-0,453;61,25;;;
16/09/2019;12380,31;14,14;1,59261666;1592616,66;0,9093;-0,474;68,42;;;
17/09/2019;12372,61;11,43;1,57904005;1579040,05;0,90502;-0,474;65,59;;;
18/09/2019;12389,62;11,42;1,60961202;1609612,02;0,9042;-0,511;64,29;;;
19/09/2019;12457,7;10,85;1,68919841;1689198,41;0,90445;-0,505;64,25;;;
20/09/2019;12468,01;11,68;1,76594548;1765945,48;0,90814;-0,52;65,23;;;
23/09/2019;12342,33;16,26;1,82632231;1826322,31;0,90946;-0,581;64,66;;;
24/09/2019;12307,15;16,23;1,88638692;1886386,92;0,90934;-0,604;64,13;;;
25/09/2019;12234,18;14,5;1,91701379;1917013,79;0,91258;-0,587;62,41;;;
26/09/2019;12288,54;15,15;1,88284626;1882846,26;0,91395;-0,58;62,08;;;
27/09/2019;12380,94;14,94;1,82492369;1824923,69;0,91345;-0,577;62,48;;;
30/09/2019;12428,08;14,46;1,60913168;1609131,68;0,91726;-0,57;60,99;;;
01/10/2019;12263,83;13,18;1,54574827;1545748,27;0,91596;-0,557;60,06;;;
02/10/2019;11925,25;10,35;1,50147708;1501477,08;0,91362;-0,544;57,92;;;
03/10/2019;11925,25;9,6;1,4874943;1487494,3;0,91037;-0,584;58,01;;;
04/10/2019;12012,81;8,93;1,51577655;1515776,55;0,91079;-0,587;59,13;;;
07/10/2019;12097,43;6,67;1,84251999;1842519,99;0,9095;-0,576;59,46;;;
08/10/2019;11970,2;9,84;1,88234012;1882340,12;0,9127;-0,597;58,14;;;
09/10/2019;12094,26;11,83;1,89003573;1890035,73;0,91075;-0,555;59,7;;;
10/10/2019;12164,2;11;1,86429845;1864298,45;0,90798;-0,49;59,08;;;
11/10/2019;12511,65;11,81;1,79244712;1792447,12;0,90613;-0,438;60,59;;;
14/10/2019;12486,56;17,19;1,55359004;1553590,04;0,90699;-0,457;58,81;;;
15/10/2019;12629,79;15,14;1,56275538;1562755,38;0,906;-0,424;59,19;;;
16/10/2019;12670,11;11,5;1,57697732;1576977,32;0,90494;-0,391;59,3;;;
17/10/2019;12654,95;14;1,62705792;1627057,92;0,8996;-0,403;59,35;;;
18/10/2019;12633,6;14,18;1,67816194;1678161,94;0,89771;-0,386;59,96;;;
21/10/2019;12747,96;13,14;1,86039092;1860390,92;0,89714;-0,345;58,95;;;
22/10/2019;12754,69;11,72;1,90354826;1903548,26;0,89839;-0,37;60,5;;;
23/10/2019;12798,19;11,91;1,94685974;1946859,74;0,8996;-0,397;60,52;;;
24/10/2019;12872,1;11,91;1,94338137;1943381,37;0,90054;-0,405;61,71;;;
25/10/2019;12894,51;12,88;1,93046306;1930463,06;0,90163;-0,375;62,06;;;
28/10/2019;12941,71;7,15;1,88326235;1883262,35;0,90151;-0,328;60,39;;;
29/10/2019;12939,62;5,3;1,93599556;1935995,56;0,89965;-0,357;61,05;;;
30/10/2019;12910,23;3,38;1,99602302;1996023,02;0,89904;-0,357;60,22;;;
31/10/2019;12866,79;1,69;2,06762095;2067620,95;0,89634;-0,401;59,3;;;
01/11/2019;12961,05;2,3;2,08000413;2080004,13;0,8953;-0,377;60,17;;;
04/11/2019;13136,28;8,76;2,04346767;2043467,67;0,89642;-0,347;62,52;;;
05/11/2019;13148,5;7,69;1,98997163;1989971,63;0,90298;-0,319;62,72;;;
06/11/2019;13179,89;7,37;1,95636692;1956366,92;0,90302;-0,323;62,11;;;
07/11/2019;13289,46;6,76;1,93616715;1936167,15;0,90543;-0,249;62,6;;;
08/11/2019;13228,56;6,22;2,04211037;2042110,37;0,90736;-0,266;62;;;
11/11/2019;13198,37;1,51;2,37721189;2377211,89;0,90625;-0,248;62,58;;;
12/11/2019;13283,51;3,4;2,38462904;2384629,04;0,90806;-0,245;62,19;;;
13/11/2019;13230,07;3,32;2,39947988;2399479,88;0,90831;-0,302;62,27;;;
14/11/2019;13180,23;3,19;2,42906643;2429066,43;0,90897;-0,346;62,46;;;
15/11/2019;13241,75;4,9;2,40718603;2407186,03;0,90481;-0,332;63,32;;;
18/11/2019;13207,01;6,48;2,38873055;2388730,55;0,90245;-0,335;62,82;;;
19/11/2019;13221,12;4,73;2,41843654;2418436,54;0,90257;-0,34;62,37;;;
20/11/2019;13158,14;4,26;2,46200313;2462003,13;0,90367;-0,353;63,8;;;
21/11/2019;13137,7;6,58;2,48673695;2486736,95;0,90285;-0,324;64,99;;;
22/11/2019;13163,88;6,15;2,51510977;2515109,77;0,90633;-0,359;64,83;;;
25/11/2019;13246,45;4,35;2,43043663;2430436,63;0,9081;-0,35;64,67;;;
26/11/2019;13236,42;5,42;2,43511044;2435110,44;0,90789;-0,376;64,82;;;
27/11/2019;13287,07;5,21;2,34393102;2343931,02;0,90913;-0,368;65,03;;;
28/11/2019;13245,58;7,92;2,21439569;2214395,69;0,90855;-0,364;64,68;;;
29/11/2019;13236,38;3,97;2,15890936;2158909,36;0,90695;-0,354;64,5;;;
02/12/2019;12964,68;1,9;2,32818256;2328182,56;0,90314;-0,278;63,2;;;
03/12/2019;12989,29;2,19;2,35756494;2357564,94;0,90224;-0,345;62,95;;;
04/12/2019;13140,57;2,46;2,43870771;2438707,71;0,90192;-0,315;65,25;;;
05/12/2019;13054,8;-0,55;2,56330052;2563300,52;0,90151;-0,294;65,67;;;
06/12/2019;13166,58;0,34;2,54561833;2545618,33;0,90506;-0,291;66,5;;;
09/12/2019;13105,61;5,67;2,13705607;2137056,07;0,90338;-0,302;66,44;;;
10/12/2019;13070,72;1,58;2,0811644;2081164,4;0,9018;-0,296;66,57;;;
11/12/2019;13146,74;0,68;2,04888798;2048887,98;0,90208;-0,322;65,37;;;
12/12/2019;13221,64;1,23;2,02738786;2027387,86;0,89948;-0,265;66,67;;;
13/12/2019;13282,72;-0,72;2,06639597;2066395,97;0,89795;-0,294;67,44;;;
16/12/2019;13407,66;4,07;2,13277484;2132774,84;0,89787;-0,273;68,04;;;
17/12/2019;13287,83;5,98;2,09935662;2099356,62;0,89658;-0,29;68,99;;;
18/12/2019;13222,16;5,73;2,05364413;2053644,13;0,8988;-0,251;69,12;;;
19/12/2019;13211,96;4,64;1,96525826;1965258,26;0,89956;-0,235;69,7;;;
20/12/2019;13318,9;5,34;1,87901666;1879016,66;0,90212;-0,246;68,66;;;
23/12/2019;13300,98;4,64;1,82226209;1822262,09;0,90192;-0,245;67,49;;;
24/12/2019;13300,98;4,77;1,72463582;1724635,82;0,90171;-0,243;69,26;;;
25/12/2019;13300,98;3,65;1,60373289;1603732,89;0,90171;-0,243;69,26;;;
26/12/2019;13300,98;3,36;1,54852986;1548529,86;0,90102;-0,243;69,26;;;
27/12/2019;13337,11;1,7;1,57944247;1579442,47;0,89582;-0,256;68,91;;;
30/12/2019;13249,01;1,01;1,68238015;1682380,15;0,89258;-0,181;68,3;;;
31/12/2019;13249,01;2,73;1,72300331;1723003,31;0,89087;-0,187;67,77;;;
01/01/2020;13249,01;0,51;1,78756783;1787567,83;0,89087;-0,187;67,77;;;
02/01/2020;13385,93;-1,05;1,85447858;1854478,58;0,89278;-0,221;67,05;;;
03/01/2020;13219,14;2,76;1,82121392;1821213,92;0,89566;-0,283;69,08;;;
06/01/2020;13126,99;1,87;1,82355144;1823551,44;0,8937;-0,287;70,25;;;
07/01/2020;13226,83;0,5;1,89992272;1899922,72;0,89755;-0,282;68,74;;;
08/01/2020;13320,18;4,37;1,95170208;1951702,08;0,89932;-0,258;67,31;;;
09/01/2020;13495,06;6,79;1,94667487;1946674,87;0,9007;-0,222;66,58;;;
10/01/2020;13483,31;7,63;1,99276161;1992761,61;0,89981;-0,23;66,77;;;
13/01/2020;13451,52;4,68;2,0232395;2023239,5;0,89815;-0,192;64,14;;;
14/01/2020;13456,49;4,51;1,94368204;1943682,04;0,89916;-0,209;64,45;;;
15/01/2020;13432,3;6,91;1,86964371;1869643,71;0,89674;-0,206;63,29;;;
16/01/2020;13429,43;4,89;1,88160186;1881601,86;0,89755;-0,214;64,63;;;
17/01/2020;13526,13;3,77;1,89154546;1891545,46;0,90131;-0,214;64,05;;;
20/01/2020;13548,94;1,15;2,03047187;2030471,87;0,90232;-0,215;64,63;;;
21/01/2020;13555,87;1,02;2,17646779;2176467,79;0,90106;-0,25;63,66;;;
22/01/2020;13515,75;2,26;2,35263683;2352636,83;0,90289;-0,26;62,11;;;
23/01/2020;13388,42;1,55;2,47835944;2478359,44;0,90535;-0,312;61,26;;;
24/01/2020;13576,68;-0,82;2,6034345;2603434,5;0,90703;-0,33;59,34;;;
27/01/2020;13204,77;3,06;2,62467065;2624670,65;0,90806;-0,384;58,54;;;
28/01/2020;13323,69;4,29;2,49499877;2494998,77;0,90905;-0,379;59,37;;;
29/01/2020;13345;3,5;2,34994574;2349945,74;0,90922;-0,372;59,46;;;
30/01/2020;13157,12;4,08;2,17949032;2179490,32;0,90621;-0,407;57,72;;;
31/01/2020;12981,97;8,56;1,966652;1966652;0,90236;-0,442;57,77;;;
03/02/2020;13045,19;6,36;1,63101514;1631015,14;0,90436;-0,436;54;;;
04/02/2020;13281,74;4,11;1,66143973;1661439,73;0,90592;-0,405;53,9;;;
05/02/2020;13478,33;1,96;1,75728235;1757282,35;0,90893;-0,37;55,36;;;
06/02/2020;13574,82;2,55;1,91068066;1910680,66;0,91095;-0,365;55,18;;;
07/02/2020;13513,81;4,33;2,09039149;2090391,49;0,91208;-0,382;54,53;;;
10/02/2020;13494,03;7,37;2,13903645;2139036,45;0,91542;-0,411;53,39;;;
11/02/2020;13627,84;3,51;2,09629737;2096297,37;0,91613;-0,391;54;;;
12/02/2020;13749,78;3,05;1,99590488;1995904,88;0,91781;-0,376;55,54;;;
13/02/2020;13745,43;2,53;1,90130459;1901304,59;0,92179;-0,388;56,34;;;
14/02/2020;13744,21;3,1;1,84236929;1842369,29;0,92204;-0,4;57,37;;;
17/02/2020;13783,89;8,09;1,77121695;1771216,95;0,92332;-0,399;57,83;;;
18/02/2020;13681,19;5,84;1,76314546;1763145,46;0,92396;-0,409;57,35;;;
19/02/2020;13789;4,37;1,76283915;1762839,15;0,92657;-0,416;59,72;;;
20/02/2020;13664;3,18;1,71134035;1711340,35;0,92563;-0,444;59,72;;;
21/02/2020;13579,33;5,01;1,62176629;1621766,29;0,92149;-0,433;58,6;;;
24/02/2020;13035,24;4,19;1,62728824;1627288,24;0,92111;-0,481;56,04;;;
25/02/2020;12790,49;7,2;1,63965265;1639652,65;0,92043;-0,512;56,71;;;
26/02/2020;12774,88;3,07;1,69368967;1693689,67;0,92034;-0,495;54,96;;;
27/02/2020;12367,46;3,09;1,78863295;1788632,95;0,91025;-0,552;52,19;;;
28/02/2020;11890,35;2,51;1,85785847;1857858,47;0,91037;-0,612;51,31;;;
02/03/2020;11857,87;5,41;1,9658885;1965888,5;0,89835;-0,62;52,52;;;
03/03/2020;11985,39;3,62;2,07899647;2078996,47;0,89461;-0,641;52,24;;;
04/03/2020;12127,69;3,01;2,13929493;2139294,93;0,89759;-0,634;51,86;;;
05/03/2020;11944,72;4,3;2,13259492;2132594,92;0,89373;-0,677;51,29;;;
06/03/2020;11541,87;4,8;2,12392121;2123921,21;0,88413;-0,728;45,6;;;
09/03/2020;10625,02;6,58;2,16786009;2167860,09;0,87577;-0,844;35,33;;;
10/03/2020;10475,49;5,37;2,04573118;2045731,18;0,88148;-0,802;35,57;;;
11/03/2020;10438,68;9,11;1,88120082;1881200,82;0,88672;-0,751;34,45;;;
12/03/2020;9161,13;8,75;1,74339959;1743399,59;0,90241;-0,74;31,02;;;
13/03/2020;9232,08;4,92;1,67908543;1679085,43;0,90342;-0,585;32,25;;;
16/03/2020;8742,25;7,01;1,61032222;1610322,22;0,89779;-0,458;27,98;;;
17/03/2020;8939,1;7,98;1,64694696;1646946,96;0,91141;-0,432;27,97;;;
18/03/2020;8441,71;9,28;1,68870271;1688702,71;0,92306;-0,231;22,79;;;
19/03/2020;8610,43;9,58;1,7636089;1763608,9;0,93445;-0,167;23,3;;;
20/03/2020;8928,95;6,46;1,79244637;1792446,37;0,93554;-0,339;25,4;;;
23/03/2020;8741,15;-0,39;1,71933537;1719335,37;0,92941;-0,377;25,06;;;
24/03/2020;9700,57;0,51;1,69621724;1696217,24;0,92623;-0,323;23,75;;;
25/03/2020;9874,26;1,37;1,702534083;1702534,083;0,92315;-0,293;25,62;;;
26/03/2020;10000,96;2,85;1,670398021;1670398,021;0,90711;-0,369;23,55;;;
27/03/2020;9632,52;6,8;1,632094916;1632094,916;0,90432;-0,485;22,39;;;
30/03/2020;9815,97;-0,88;1,635607536;1635607,536;0,90666;-0,527;19,07;;;
31/03/2020;9935,84;0,57;1,664027319;1664027,319;0,91137;-0,457;14,85;;;
01/04/2020;9544,75;2,52;1,672227366;1672227,366;0,91542;-0,47;14,97;;;
02/04/2020;9570,82;5,36;1,660380394;1660380,394;0,92051;-0,436;20,24;;;
03/04/2020;9525,77;5,34;1,662801561;1662801,561;0,92605;-0,435;24,33;;;
06/04/2020;10075,17;10,37;1,53553293;1535532,93;0,92734;-0,42;22,58;;;
07/04/2020;10356,7;11,24;1,44641212;1446412,12;0,91895;-0,314;22,1;;;
08/04/2020;10332,89;12,26;1,373861818;1373861,818;0,92051;-0,311;25,22;;;
09/04/2020;10564,74;10,84;1,337712868;1337712,868;0,9142;-0,342;20,23;;;
10/04/2020;10564,74;8,05;1,26137226;1261372,26;0,9142;-0,342;20,23;;;
13/04/2020;10564,74;6,84;1,182618866;1182618,866;0,91739;-0,342;20,23;;;
14/04/2020;10696,56;5,05;1,194350954;1194350,954;0,91166;-0,379;21,74;;;
15/04/2020;10279,76;7,34;1,189806824;1189806,824;0,91701;-0,464;19,8;;;
16/04/2020;10301,54;10,07;1,177439522;1177439,522;0,9217;-0,476;18,69;;;
17/04/2020;10625,78;9,86;1,217846602;1217846,602;0,91836;-0,479;19,75;;;
20/04/2020;10675,9;8,07;1,253257837;1253257,837;0,91899;-0,446;17,36;;;
21/04/2020;10249,85;9,36;1,200631951;1200631,951;0,92068;-0,481;9,12;;;
22/04/2020;10415,03;10,66;1,164062023;1164062,023;0,92357;-0,419;13,77;;;
23/04/2020;10513,79;13,27;1,160114275;1160114,275;0,92353;-0,428;15,06;;;
24/04/2020;10336,09;13,19;1,13825388;1138253,88;0,92486;-0,47;15,87;;;
27/04/2020;10659,99;14,08;1,211930458;1211930,458;0,92247;-0,445;15,17;;;
28/04/2020;10795,63;15,29;1,281446439;1281446,439;0,92319;-0,461;15,6;;;
29/04/2020;11107,74;12,69;1,350810008;1350810,008;0,92136;-0,484;17,86;;;
30/04/2020;10861,64;12,59;1,353789175;1353789,175;0,91299;-0,586;18,11;;;
01/05/2020;10861,64;11,76;1,337020936;1337020,936;0,90839;-0,586;18,49;;;
04/05/2020;10466,8;9,37;1,360614817;1360614,817;0,91604;-0,56;20,4;;;
05/05/2020;10729,46;6,92;1,366370243;1366370,243;0,92247;-0,578;25,46;;;
06/05/2020;10606,2;9,76;1,36056953;1360569,53;0,92614;-0,502;24,2;;;
07/05/2020;10759,27;10,38;1,387401708;1387401,708;0,92786;-0,551;24,23;;;
08/05/2020;10904,48;14,06;1,432583434;1432583,434;0,91975;-0,532;24,23;;;
11/05/2020;10824,99;7,11;1,368190971;1368190,971;0,92379;-0,52;25,53;;;
12/05/2020;10819,5;6,74;1,373265455;1373265,455;0,91958;-0,507;26,67;;;
13/05/2020;10542,66;9,4;1,40998852;1409988,52;0,92259;-0,526;27,89;;;
14/05/2020;10337,02;9;1,437532629;1437532,629;0,92477;-0,538;29,87;;;
15/05/2020;10465,17;9,77;1,457915796;1457915,796;0,92434;-0,527;30,95;;;
18/05/2020;11058,87;14,83;1,466140601;1466140,601;0,92102;-0,481;33,3;;;
19/05/2020;11075,29;14,3;1,420418769;1420418,769;0,91345;-0,461;33,06;;;
20/05/2020;11223,71;14,34;1,377152999;1377152,999;0,90971;-0,466;34,76;;;
21/05/2020;11065,93;14,61;1,270346934;1270346,934;0,91395;-0,499;34,78;;;
22/05/2020;11073,87;16,14;1,194485122;1194485,122;0,91823;-0,488;33,8;;;
25/05/2020;11391,28;11,53;1,172621728;1172621,728;0,91798;-0,488;33,8;;;
26/05/2020;11504,65;14,18;1,207997456;1207997,456;0,91037;-0,426;33,95;;;
27/05/2020;11657,69;15,9;1,186712766;1186712,766;0,91133;-0,42;32,73;;;
28/05/2020;11781,13;14,24;1,23476346;1234763,46;0,90453;-0,42;33,98;;;
29/05/2020;11586,85;14,31;1,27957289;1279572,89;0,899;-0,447;34,15;;;
01/06/2020;11586,85;16,58;1,19833276;1198332,76;0,89787;-0,393;36,74;;;
02/06/2020;12021,28;18,98;1,150238;1150238;0,89421;-0,415;37,72;;;
03/06/2020;12487,36;18,63;1,14534949;1145349,49;0,89131;-0,349;37,98;;;
04/06/2020;12430,56;17,94;1,1710382;1171038,2;0,88152;-0,324;38,41;;;
05/06/2020;12847,68;14,8;1,17404073;1174040,73;0,8839;-0,27;41;;;
08/06/2020;12819,59;16,22;1,29345422;1293454,22;0,88488;-0,317;39,66;;;
09/06/2020;12617,99;17,64;1,36700377;1367003,77;0,88071;-0,31;40,45;;;
10/06/2020;12530,16;16,9;1,4201581;1420158,1;0,8809;-0,331;41,18;;;
11/06/2020;11970,29;17,83;1,3996777;1399677,7;0,87866;-0,415;37,76;;;
12/06/2020;11949,28;21,24;1,36400264;1364002,64;0,88917;-0,445;38,54;;;
15/06/2020;11911,35;19,9;1,34389463;1343894,63;0,88696;-0,439;39,44;;;
16/06/2020;12315,66;21,11;1,33788872;1337888,72;0,88988;-0,422;40,75;;;
17/06/2020;12382,14;23,15;1,34549066;1345490,66;0,89107;-0,425;40,47;;;
18/06/2020;12281,53;21,55;1,39917584;1399175,84;0,89131;-0,443;41,75;;;
19/06/2020;12330,76;18,02;1,469271;1469271;0,89417;-0,416;42,33;;;
22/06/2020;12262,97;19,83;1,47089101;1470891,01;0,88901;-0,438;43,2;;;
23/06/2020;12523,76;18,76;1,44464641;1444646,41;0,88234;-0,404;42,72;;;
24/06/2020;12093,94;20,19;1,4254296;1425429,6;0,88688;-0,434;40,4;;;
25/06/2020;12177,87;22,72;1,40884328;1408843,28;0,89178;-0,47;41,18;;;
26/06/2020;12089,39;22,74;1,40574523;1405745,23;0,8927;-0,478;40,97;;;
29/06/2020;12232,12;19,6;1,4051432;1405143,2;0,8892;-0,471;41,58;;;
30/06/2020;12310,93;18,69;1,3596198;1359619,8;0,89035;-0,46;41,64;;;
01/07/2020;12260,57;20,68;1,33396579;1333965,79;0,88802;-0,4;42,18;;;
02/07/2020;12608,46;20,48;1,32258082;1322580,82;0,89059;-0,427;43,19;;;
03/07/2020;12528,18;19,55;1,29875848;1298758,48;0,88948;-0,432;42,92;;;
06/07/2020;12733,45;17,94;1,19686598;1196865,98;0,88359;-0,433;42,73;;;
07/07/2020;12616,8;16,54;1,228716;1228716;0,88609;-0,424;43,28;;;
08/07/2020;12494,81;15,49;1,26689532;1266895,32;0,88281;-0,441;43,67;;;
09/07/2020;12489,46;17,22;1,28265503;1282655,03;0,88547;-0,46;42,35;;;
10/07/2020;12633,71;18,39;1,29572935;1295729,35;0,88351;-0,47;43,27;;;
13/07/2020;12799,97;19,1;1,46395836;1463958,36;0,87962;-0,407;42,85;;;
14/07/2020;12697,36;22,31;1,48250122;1482501,22;0,87735;-0,441;42,97;;;
15/07/2020;12930,98;16,34;1,48859906;1488599,06;0,87581;-0,444;43,96;;;
16/07/2020;12874,97;16,42;1,51395681;1513956,81;0,87478;-0,471;43,71;;;
17/07/2020;12919,61;17,55;1,53496985;1534969,85;0,8755;-0,452;43,53;;;
20/07/2020;13046,92;20,53;1,52349296;1523492,96;0,87413;-0,463;43,3;;;
21/07/2020;13171,83;17,79;1,51236667;1512366,67;0,87047;-0,46;44,31;;;
22/07/2020;13104,25;17,58;1,48538243;1485382,43;0,86259;-0,493;43,98;;;
23/07/2020;13103,39;19,03;1,44440383;1444403,83;0,86244;-0,482;42,96;;;
24/07/2020;12838,06;21,02;1,40841991;1408419,91;0,86025;-0,444;43,29;;;
27/07/2020;12838,66;21,11;1,35326725;1353267,25;0,84908;-0,491;43,39;;;
28/07/2020;12835,28;22,17;1,30394061;1303940,61;0,85262;-0,511;43,11;;;
29/07/2020;12822,26;18,94;1,26315374;1263153,74;0,84929;-0,499;43,51;;;
30/07/2020;12379,65;17,9;1,24875755;1248757,55;0,84785;-0,547;42,98;;;
31/07/2020;12313,36;20,2;1,25498852;1254988,52;0,84567;-0,533;43,13;;;
03/08/2020;12646,98;18,55;1,30798412;1307984,12;0,85193;-0,522;43,76;;;
04/08/2020;12600,87;18,43;1,36411515;1364115,15;0,85067;-0,551;43,99;;;
05/08/2020;12660,25;21,3;1,37534547;1375345,47;0,84157;-0,505;44,92;;;
06/08/2020;12591,68;23,29;1,37236975;1372369,75;0,84438;-0,529;45,04;;;
07/08/2020;12674,88;26,57;1,36730398;1367303,98;0,84828;-0,507;44,07;;;
10/08/2020;12687,53;25,43;1,37362149;1373621,49;0,84987;-0,525;44,19;;;
11/08/2020;12946,89;26,1;1,36669429;1366694,29;0,84994;-0,473;43,68;;;
12/08/2020;13058,63;25,14;1,38681741;1386817,41;0,84713;-0,447;45,09;;;
13/08/2020;12993,71;24,15;1,40249669;1402496,69;0,84477;-0,408;44,87;;;
14/08/2020;12901,34;22,3;1,42089431;1420894,31;0,84538;-0,421;44,86;;;
17/08/2020;12920,66;25,15;1,43081656;1430816,56;0,84264;-0,451;44,91;;;
18/08/2020;12881,76;20,3;1,44759364;1447593,64;0,83889;-0,457;45,34;;;
19/08/2020;12977,33;21,33;1,46002099;1460020,99;0,8403;-0,474;45,21;;;
20/08/2020;12830;24,98;1,45892206;1458922,06;0,84449;-0,496;44,56;;;
21/08/2020;12764,8;28,23;1,42997998;1429979,98;0,84893;-0,507;43,94;;;
24/08/2020;13066,54;18,1;1,3600622;1360062,2;0,84649;-0,493;44,43;;;
25/08/2020;13061,62;18,35;1,3491286;1349128,6;0,84577;-0,425;46,01;;;
26/08/2020;13190,15;18,15;1,26549278;1265492,78;0,8462;-0,41;45,79;;;
27/08/2020;13096,36;16,83;1,27247906;1272479,06;0,84818;-0,403;44,84;;;
28/08/2020;13033,2;17,23;1,29954674;1299546,74;0,84048;-0,41;45,22;;;
31/08/2020;12945,38;17,43;1,43201345;1432013,45;0,83616;-0,396;45,22;;;
01/09/2020;12974,25;14,81;1,48848223;1488482,23;0,83588;-0,416;45,72;;;
02/09/2020;13243,43;14,01;1,62436788;1624367,88;0,84456;-0,472;42,7;;;
03/09/2020;13057,77;16,26;1,64761034;1647610,34;0,84477;-0,49;42,72;;;
04/09/2020;12842,66;18,39;1,64906521;1649065,21;0,84764;-0,477;41,1;;;
07/09/2020;13100,28;14,38;1,65033536;1650335,36;0,84556;-0,46;40,67;;;
08/09/2020;12968,33;16,49;1,59911047;1599110,47;0,848;-0,495;38,53;;;
09/09/2020;13237,21;19,53;1,54852411;1548524,11;0,84681;-0,461;39,98;;;
10/09/2020;13208,89;15,87;1,57433291;1574332,91;0,84242;-0,426;39,27;;;
11/09/2020;13202,84;16,91;1,61821497;1618214,97;0,84524;-0,483;38,8;;;
14/09/2020;13193,66;21,53;1,57060948;1570609,48;0,84232;-0,477;38,57;;;
15/09/2020;13217,67;22,82;1,59795965;1597959,65;0,84385;-0,481;39,54;;;
16/09/2020;13255,37;21,8;1,61499303;1614993,03;0,84542;-0,479;41,23;;;
17/09/2020;13208,12;14,89;1,58817309;1588173,09;0,84692;-0,49;42,35;;;
18/09/2020;13116,25;13,03;1,56423115;1564231,15;0,84317;-0,483;42,16;;;
21/09/2020;12542,44;16,24;1,6259539;1625953,9;0,85157;-0,528;40,37;;;
22/09/2020;12594,39;18,57;1,63179675;1631796,75;0,8543;-0,5;40,84;;;
23/09/2020;12642,97;19,48;1,63114667;1631146,67;0,85664;-0,502;41,09;;;
24/09/2020;12606,57;17,37;1,59531544;1595315,44;0,85907;-0,507;41,24;;;
25/09/2020;12469,2;13,37;1,60133484;1601334,84;0,86066;-0,525;40,91;;;
28/09/2020;12870,87;12,23;1,66309428;1663094,28;0,85874;-0,526;41,59;;;
29/09/2020;12825,82;13,73;1,71307008;1713070,08;0,85244;-0,542;40,33;;;
30/09/2020;12760,73;13,94;1,77114854;1771148,54;0,85277;-0,52;40,3;;;
01/10/2020;12730,77;13,02;1,83372898;1833728,98;0,85212;-0,528;39,75;;;
02/10/2020;12689,04;14,09;1,8190371;1819037,1;0,85364;-0,537;38;;;
05/10/2020;12828,31;10,85;1,66998101;1669981,01;0,848;-0,512;39,78;;;
06/10/2020;12906,02;11,96;1,60266632;1602666,32;0,84807;-0,507;41,27;;;
07/10/2020;12928,57;12,01;1,5616213;1561621,3;0,85023;-0,493;40,62;;;
08/10/2020;13042,21;11,51;1,52045408;1520454,08;0,85117;-0,524;42;;;
09/10/2020;13051,23;12,75;1,56119698;1561196,98;0,84642;-0,534;41,63;;;
12/10/2020;13138,41;7,56;1,83848095;1838480,95;0,84656;-0,543;40,5;;;
13/10/2020;13018,99;8,12;1,94125205;1941252,05;0,8515;-0,555;41,34;;;
14/10/2020;13028,06;9,51;1,97285206;1972852,06;0,85038;-0,572;41,81;;;
15/10/2020;12703,75;9,86;2,06472647;2064726,47;0,85474;-0,614;41,61;;;
16/10/2020;12908,99;8,39;2,13925278;2139252,78;0,85324;-0,623;41,34;;;
19/10/2020;12854,66;7,51;2,19187254;2191872,54;0,84868;-0,627;41,29;;;
20/10/2020;12736,95;7,53;2,14120288;2141202,88;0,84527;-0,604;41,62;;;
21/10/2020;12557,64;10,94;2,0986993;2098699,3;0,84214;-0,588;40,09;;;
22/10/2020;12543,06;14,69;2,01715409;2017154,09;0,84549;-0,568;41,28;;;
23/10/2020;12645,75;13;1,97142496;1971424,96;0,84492;-0,572;40,71;;;
26/10/2020;12177,18;10,34;1,71884697;1718846,97;0,8462;-0,572;39,06;;;
27/10/2020;12063,57;8,51;1,69321464;1693214,64;0,84509;-0,607;39,72;;;
28/10/2020;11560,51;9,16;1,69634389;1696343,89;0,85096;-0,628;37,86;;;
29/10/2020;11598,07;9;1,71383148;1713831,48;0,85782;-0,637;36,56;;;
30/10/2020;11556,48;10,81;1,65488129;1654881,29;0,85848;-0,624;36,33;;;
02/11/2020;11788,28;15,74;1,5452481;1545248,1;0,85937;-0,638;37,78;;;
03/11/2020;12088,98;10,59;1,54323108;1543231,08;0,85248;-0,62;38,17;;;
04/11/2020;12324,22;6,69;1,61137523;1611375,23;0,85408;-0,638;39,68;;;
05/11/2020;12568,09;5,98;1,68470025;1684700,25;0,84556;-0,633;39,47;;;
06/11/2020;12480,02;8,56;1,77523576;1775235,76;0,84214;-0,617;38,08;;;
09/11/2020;13095,97;3,69;2,14438152;2144381,52;0,84574;-0,508;40,93;;;
10/11/2020;13163,11;3,69;2,24883747;2248837,47;0,84599;-0,487;42,25;;;
11/11/2020;13216,18;3,95;2,28588311;2285883,11;0,85048;-0,504;42,5;;;
12/11/2020;13052,95;6,84;2,27153873;2271538,73;0,8467;-0,534;42,16;;;
13/11/2020;13076,72;6,83;2,25898645;2258986,45;0,84602;-0,548;41,51;;;
16/11/2020;13138,61;8,29;1,99690412;1996904,12;0,84484;-0,545;42,71;;;
17/11/2020;13133,47;8,62;1,90414931;1904149,31;0,84207;-0,561;42,54;;;
18/11/2020;13201,89;8,84;1,81557987;1815579,87;0,84203;-0,555;42,91;;;
19/11/2020;13086,16;7,15;1,75291225;1752912,25;0,84459;-0,571;43,09;;;
20/11/2020;13137,25;2,19;1,76983075;1769830,75;0,8436;-0,584;43,79;;;
23/11/2020;13126,97;4,95;1,96330774;1963307,74;0,84613;-0,578;45;;;
24/11/2020;13292,44;2,66;2,05165778;2051657,78;0,84228;-0,566;46,63;;;
25/11/2020;13289,8;0,72;2,16920184;2169201,84;0,8403;-0,571;47,3;;;
26/11/2020;13286,57;3,42;2,3045827;2304582,7;0,8402;-0,586;46,32;;;
27/11/2020;13335,68;3,8;2,37430492;2374304,92;0,83693;-0,585;46,88;;;
30/11/2020;13291,16;-0,4;2,64026844;2640268,44;0,83598;-0,572;46,84;;;
01/12/2020;13382,3;0,45;2,66302346;2663023,46;0,83108;-0,522;47,03;;;
02/12/2020;13313,24;-2,03;2,68459043;2684590,43;0,82795;-0,521;47,8;;;
03/12/2020;13252,86;-1,77;2,66271691;2662716,91;0,82237;-0,547;48,37;;;
04/12/2020;13298,96;-0,92;2,59362687;2593626,87;0,82362;-0,541;49,1;;;
07/12/2020;13271;3,12;2,52658833;2526588,33;0,82416;-0,584;48,63;;;
08/12/2020;13278,49;1,79;2,53645555;2536455,55;0,82552;-0,612;48,84;;;
09/12/2020;13340,26;1,05;2,53938288;2539382,88;0,82771;-0,605;48,81;;;
10/12/2020;13295,73;-1,43;2,57899719;2578997,19;0,82444;-0,6;50,33;;;
11/12/2020;13114,3;-0,95;2,60895465;2608954,65;0,82593;-0,638;50,01;;;
14/12/2020;13223,16;2,4;2,50169474;2501694,74;0,82474;-0,618;50,27;;;
15/12/2020;13362,87;2,48;2,44429036;2444290,36;0,82288;-0,611;50,77;;;
16/12/2020;13565,98;4,98;2,36663845;2366638,45;0,82058;-0,568;50,83;;;
17/12/2020;13667,25;3,27;2,25600515;2256005,15;0,81666;-0,577;51,2;;;
18/12/2020;13630,51;3,43;2,17903524;2179035,24;0,81736;-0,571;52,17;;;
21/12/2020;13246,3;3,6;1,97287365;1972873,65;0,81883;-0,583;50,61;;;
22/12/2020;13418,11;7,87;1,83772068;1837720,68;0,82179;-0,593;49,88;;;
23/12/2020;13587,23;5,62;1,74933159;1749331,59;0,82058;-0,542;51,05;;;
24/12/2020;13587,23;5,6;1,65019293;1650192,93;0,82078;-0,542;50,88;;;
25/12/2020;13587,23;1,12;1,578410923;1578410,923;0,82078;-0,542;50,88;;;
28/12/2020;13790,29;0,22;1,518128879;1518128,879;0,8187;-0,562;50,88;;;
29/12/2020;13761,38;-0,06;1,580505949;1580505,949;0,81689;-0,576;50,44;;;
30/12/2020;13718,78;-0,42;1,601259213;1601259,213;0,81298;-0,57;50,74;;;
31/12/2020;13718,78;-0,18;1,676675526;1676675,526;0,81729;-0,575;51,22;;;
01/01/2021;13718,78;-1,02;1,724902623;1724902,623;0,81729;-0,575;51,22;;;
04/01/2021;13726,74;-0,7;1,936278469;1936278,469;0,81486;-0,599;50,37;;;
05/01/2021;13651,22;-0,6;2,011332308;2011332,308;0,81456;-0,582;53,16;;;
06/01/2021;13891,97;-0,31;2,095020024;2095020,024;0,81427;-0,546;53,8;;;
07/01/2021;13968,24;-1,14;2,190429274;2190429,274;0,81569;-0,544;53,7;;;
08/01/2021;14049,53;-1,8;2,296324962;2296324,962;0,81593;-0,515;55,51;;;
11/01/2021;13936,66;-1,4;2,432568544;2432568,544;0,82301;-0,495;54,84;;;
12/01/2021;13925,06;0,15;2,396000809;2396000,809;0,82247;-0,469;55,98;;;
13/01/2021;13939,71;-0,28;2,348124972;2348124,972;0,82233;-0,521;55,52;;;
14/01/2021;13988,7;-0,74;2,333706;2333706;0,82406;-0,553;55,76;;;
15/01/2021;13787,73;-3,81;2,34473283;2344732,83;0,82696;-0,542;54,8;;;
18/01/2021;13848,35;-3,42;2,37371699;2373716,99;0,82816;-0,524;54,21;;;
19/01/2021;13815,06;0,96;2,36754174;2367541,74;0,82457;-0,525;55,38;;;
20/01/2021;13921,37;1,62;2,31875677;2318756,77;0,8261;-0,528;55,66;;;
21/01/2021;13906,67;2,66;2,193224732;2193224,732;0,82301;-0,497;55,68;;;
22/01/2021;13873,97;2,51;2,086736574;2086736,574;0,82152;-0,513;55,22;;;
25/01/2021;13643,95;-1,21;2,050723103;2050723,103;0,8244;-0,55;55,44;;;
26/01/2021;13870,99;-0,82;2,114194348;2114194,348;0,82193;-0,533;55,26;;;
27/01/2021;13620,46;-0,88;2,222644865;2222644,865;0,82706;-0,549;55,07;;;
28/01/2021;13665,93;-0,49;2,334519017;2334519,017;0,82491;-0,54;54,87;;;
29/01/2021;13432,87;-2,39;2,352140353;2352140,353;0,82311;-0,516;55,25;;;
01/02/2021;13622,02;-5,54;2,312106711;2312106,711;0,82764;-0,513;56,42;;;
02/02/2021;13835,16;-0,38;2,295155094;2295155,094;0,83136;-0,486;57,62;;;
03/02/2021;13933,63;1,37;2,222722174;2222722,174;0,83247;-0,467;58,61;;;
04/02/2021;14060,29;-0,6;2,20285711;2202857,11;0,83483;-0,454;58,98;;;
05/02/2021;14056,72;-1,55;2,22673816;2226738,16;0,83157;-0,444;59,48;;;
08/02/2021;14059,91;-10,58;2,148458268;2148458,268;0,83005;-0,444;60,17;;;
09/02/2021;14011,8;-9,63;2,231719707;2231719,707;0,82662;-0,448;60,74;;;
10/02/2021;13932,97;-8,62;2,379250505;2379250,505;0,82437;-0,438;61,17;;;
11/02/2021;14040,91;-5,85;2,493393985;2493393,985;0,82427;-0,458;61,09;;;
12/02/2021;14049,89;-6,55;2,600083947;2600083,947;0,82518;-0,43;62,47;;;
15/02/2021;14109,48;-5,87;2,80794767;2807947,67;0,82427;-0,384;63,58;;;
16/02/2021;14064,6;-0,4;2,70581596;2705815,96;0,82515;-0,348;63,96;;;
17/02/2021;13909,27;1,87;2,54762618;2547626,18;0,83108;-0,365;65,02;;;
18/02/2021;13886,93;2,63;2,38396587;2383965,87;0,82829;-0,34;64,09;;;
19/02/2021;13993,23;3,36;2,23149281;2231492,81;0,82461;-0,312;62,84;;;
22/02/2021;13950,04;4,01;1,79009619;1790096,19;0,82389;-0,346;64,73;;;
23/02/2021;13864,81;6,66;1,69674657;1696746,57;0,8224;-0,317;65,16;;;
24/02/2021;13976;8,78;1,63177606;1631776,06;0,82491;-0,302;66,85;;;
25/02/2021;13879,33;8,12;1,5965528;1596552,8;0,81806;-0,231;66,69;;;
26/02/2021;13786,29;5,25;1,59148746;1591487,46;0,82386;-0,259;65,86;;;
01/03/2021;14012,82;3,75;1,77419617;1774196,17;0,82977;-0,336;64,56;;;
02/03/2021;14039,8;4,17;1,87573174;1875731,74;0,82902;-0,348;63,17;;;
03/03/2021;14080,03;5,07;2,00307233;2003072,33;0,82819;-0,292;64,7;;;
04/03/2021;14056,34;3,27;2,10365818;2103658,18;0,8305;-0,311;67,32;;;
05/03/2021;13920,69;0,26;2,18462483;2184624,83;0,8397;-0,303;69,95;;;
08/03/2021;14380,91;0,23;2,31263821;2312638,21;0,84331;-0,278;68;;;
09/03/2021;14437,94;0,66;2,3647754;2364775,4;0,8415;-0,305;67,03;;;
10/03/2021;14540,25;1,42;2,35088338;2350883,38;0,84058;-0,311;67,53;;;
11/03/2021;14569,39;5,36;2,22098172;2220981,72;0,83609;-0,333;69,34;;;
12/03/2021;14502,39;5,84;2,08023823;2080238,23;0,83766;-0,296;68,87;;;
15/03/2021;14461,42;3,98;1,768238799;1768238,799;0,83917;-0,337;68,78;;;
16/03/2021;14557,58;3,65;1,689782971;1689782,971;0,84072;-0,337;67,95;;;
17/03/2021;14596,61;1,51;1,705796278;1705796,278;0,84002;-0,293;67,73;;;
18/03/2021;14775,52;1,58;1,8628089;1862808,9;0,83857;-0,265;62,11;;;
19/03/2021;14621;-0,18;1,98732035;1987320,35;0,83967;-0,294;64;;;
22/03/2021;14657,21;3,23;2,2013474;2201347,4;0,83808;-0,31;63,89;;;
23/03/2021;14662,02;4,89;2,24326911;2243269,11;0,84232;-0,341;59,96;;;
24/03/2021;14610,39;6,18;2,21657841;2216578,41;0,84527;-0,356;63,7;;;
25/03/2021;14621,36;8,13;2,17660644;2176606,44;0,84922;-0,384;61,21;;;
26/03/2021;14748,94;9,38;2,09841784;2098417,84;0,84767;-0,354;63,77;;;
29/03/2021;14817,72;11,2;1,8225561;1822556,1;0,85009;-0,32;64,06;;;
30/03/2021;15008,61;12,87;1,70919556;1709195,56;0,8527;-0,276;63,28;;;
31/03/2021;15008,34;14,24;1,63632512;1636325,12;0,85085;-0,297;63,52;;;
01/04/2021;15107,17;10,77;1,53780575;1537805,75;0,8503;-0,325;63,85;;;
02/04/2021;15107,17;5,65;1,47665221;1476652,21;0,8503;-0,325;63,85;;;
05/04/2021;15107,17;3,2;1,46185245;1461852,45;0,84757;-0,325;63,85;;;
06/04/2021;15212,68;1,44;1,48726592;1487265,92;0,84467;-0,316;61,47;;;
07/04/2021;15176,36;2,6;1,53287036;1532870,36;0,8403;-0,317;61,86;;;
08/04/2021;15202,68;3,33;1,60184511;1601845,11;0,84051;-0,332;62,09;;;
09/04/2021;15234,16;5,26;1,67275418;1672754,18;0,84108;-0,296;61,89;;;
12/04/2021;15215;4,5;1,92335666;1923356,66;0,83981;-0,292;62,38;;;
13/04/2021;15234,36;3,51;1,99367177;1993671,77;0,83854;-0,289;62,83;;;
14/04/2021;15209,15;3,37;2,06039534;2060395,34;0,8356;-0,262;66,11;;;
15/04/2021;15255,33;3,48;2,11893333;2118933,33;0,83542;-0,292;66,13;;;
16/04/2021;15459,75;4,98;2,19050554;2190505,54;0,83476;-0,262;65,98;;;
19/04/2021;15368,39;9,53;2,26258214;2262582,14;0,83198;-0,236;66,54;;;
20/04/2021;15129,51;9,64;2,24498896;2244988,96;0,82998;-0,258;65,34;;;
21/04/2021;15195,97;8,79;2,1657666;2165766,6;0,83136;-0,261;64,02;;;
22/04/2021;15320,52;6,37;2,06858236;2068582,36;0,83177;-0,256;65,07;;;
23/04/2021;15279,62;7,35;1,99308452;1993084,52;0,82991;-0,257;65,75;;;
26/04/2021;15296,34;4,08;1,80279075;1802790,75;0,82764;-0,256;65,5;;;
27/04/2021;15249,27;5,41;1,76380414;1763804,14;0,82771;-0,251;66,25;;;
28/04/2021;15292,18;8,65;1,7551197;1755119,7;0,82716;-0,232;67,08;;;
29/04/2021;15154,2;10,15;1,77659101;1776591,01;0,82563;-0,193;68,26;;;
30/04/2021;15135,91;7,87;1,82775966;1827759,66;0,8307;-0,199;67,73;;;
03/05/2021;15236,47;7,01;1,83997269;1839972,69;0,82819;-0,204;67,73;;;
04/05/2021;14856,48;9,45;1,76161698;1761616,98;0,83112;-0,237;68,91;;;
05/05/2021;15170,78;8,13;1,72458565;1724585,65;0,83299;-0,228;69,71;;;
06/05/2021;15196,74;7,02;1,74336527;1743365,27;0,82926;-0,231;68,62;;;
07/05/2021;15399,65;5,68;1,72040992;1720409,92;0,82359;-0,218;68,73;;;
10/05/2021;15400,41;19,33;1,51530303;1515303,03;0,82237;-0,214;68,61;;;
11/05/2021;15119,75;18,9;1,57532235;1575322,35;0,82227;-0,162;68,83;;;
12/05/2021;15150,22;13,85;1,60869634;1608696,34;0,82809;-0,128;69,62;;;
13/05/2021;15199,68;11,73;1,49719813;1497198,13;0,82823;-0,112;67,36;;;
14/05/2021;15416,64;10,36;1,42147587;1421475,87;0,82416;-0,123;69,24;;;
17/05/2021;15396,62;12,17;1,5103829;1510382,9;0,82338;-0,113;69,62;;;
18/05/2021;15386,58;11,48;1,50047666;1500476,66;0,81843;-0,107;69,01;;;
19/05/2021;15113,56;11,71;1,49602811;1496028,11;0,81863;-0,111;66,88;;;
20/05/2021;15370,26;11,9;1,55361938;1553619,38;0,81863;-0,107;65,18;;;
21/05/2021;15437,51;13,77;1,51572749;1515727,49;0,82045;-0,128;66,72;;;
24/05/2021;15437,51;14,6;1,39036622;1390366,22;0,8184;-0,14;68,59;;;
25/05/2021;15465,09;12,29;1,36563514;1365635,14;0,81669;-0,163;68,8;;;
26/05/2021;15450,72;11,7;1,34835821;1348358,21;0,8185;-0,203;68,93;;;
27/05/2021;15406,73;11,28;1,376714;1376714;0,81957;-0,172;69,43;;;
28/05/2021;15519,98;11,86;1,47437861;1474378,61;0,82092;-0,183;69,36;;;
31/05/2021;15421,13;14,14;1,60227352;1602273,52;0,8179;-0,183;69,36;;;
01/06/2021;15567,36;16,32;1,58025414;1580254,14;0,81666;-0,175;70,03;;;
02/06/2021;15602,71;16,76;1,5259938;1525993,8;0,81924;-0,195;70,6;;;
03/06/2021;15632,67;19,42;1,43126278;1431262,78;0,82393;-0,185;70,71;;;
04/06/2021;15692,9;20,19;1,3620955;1362095,5;0,82213;-0,209;71,3;;;
07/06/2021;15677,15;20,35;1,35536702;1355367,02;0,82055;-0,197;70,89;;;
08/06/2021;15640,6;20,37;1,39518306;1395183,06;0,82058;-0,223;71,39;;;
09/06/2021;15581,14;20,92;1,44737091;1447370,91;0,82065;-0,248;71,31;;;
10/06/2021;15571,22;21,86;1,51037194;1510371,94;0,82156;-0,248;71,65;;;
11/06/2021;15693,27;22,28;1,53250325;1532503,25;0,82573;-0,268;72,05;;;
14/06/2021;15673,64;19,84;1,42979312;1429793,12;0,82478;-0,255;72,27;;;
15/06/2021;15729,52;20,24;1,42666467;1426664,67;0,82464;-0,229;73,38;;;
16/06/2021;15710,57;21,4;1,43372036;1433720,36;0,82515;-0,248;73,88;;;
17/06/2021;15727,67;26,44;1,42940413;1429404,13;0,83738;-0,189;72,92;;;
18/06/2021;15448,04;27,53;1,44729419;1447294,19;0,84345;-0,204;73,1;;;
21/06/2021;15603,24;25,15;1,53690506;1536905,06;0,83956;-0,174;74,49;;;
22/06/2021;15636,33;19,85;1,55783843;1557838,43;0,84041;-0,162;74,92;;;
23/06/2021;15456,39;18,76;1,5811971;1581197,1;0,83696;-0,181;75,22;;;
24/06/2021;15589,23;18,87;1,6138216;1613821,6;0,83847;-0,185;75,95;;;
25/06/2021;15607,97;19,62;1,62943522;1629435,22;0,83675;-0,156;76,45;;;
28/06/2021;15554,18;25,73;1,65999959;1659999,59;0,83847;-0,185;74,78;;;
29/06/2021;15690,59;23,28;1,64813347;1648133,47;0,83998;-0,172;75,38;;;
30/06/2021;15531,04;18,58;1,63468346;1634683,46;0,84324;-0,203;76,94;;;
01/07/2021;15603,81;16,82;1,62509811;1625098,11;0,8426;-0,198;76,69;;;
02/07/2021;15650,09;19,48;1,61461012;1614610,12;0,84438;-0,235;77,51;;;
05/07/2021;15661,97;20,51;1,64609603;1646096,03;0,84306;-0,209;78,34;;;
06/07/2021;15511,38;23,17;1,60471889;1604718,89;0,84531;-0,267;75,81;;;
07/07/2021;15692,71;20,13;1,58754531;1587545,31;0,84749;-0,29;74,31;;;
08/07/2021;15420,64;19,46;1,58704222;1587042,22;0,84356;-0,313;75,07;;;
09/07/2021;15687,93;19,3;1,583684;1583684;0,84285;-0,292;77,14;;;
12/07/2021;15790,51;21,83;1,56699182;1566991,82;0,8426;-0,301;76,77;;;
13/07/2021;15789,64;24,15;1,60566528;1605665,28;0,8457;-0,299;77,5;;;
14/07/2021;15788,98;22,33;1,60635467;1606354,67;0,8461;-0,313;75,74;;;
15/07/2021;15629,66;22,86;1,57198728;1571987,28;0,84613;-0,33;74,53;;;
16/07/2021;15540,31;24,04;1,54208547;1542085,47;0,84681;-0,35;74,46;;;
19/07/2021;15133,2;18,01;1,40268731;1402687,31;0,84706;-0,388;69,33;;;
20/07/2021;15216,27;17,76;1,37502093;1375020,93;0,85016;-0,411;70,03;;;
21/07/2021;15422,5;19,31;1,35426648;1354266,48;0,84828;-0,392;72,54;;;
22/07/2021;15514,54;20,04;1,35647761;1356477,61;0,848;-0,419;74,25;;;
23/07/2021;15669,29;20,62;1,36584373;1365843,73;0,85023;-0,412;74,86;;;
26/07/2021;15618,98;23,23;1,43780678;1437806,78;0,84688;-0,413;74,79;;;
27/07/2021;15519,13;22,86;1,44669576;1446695,76;0,84563;-0,439;74,87;;;
28/07/2021;15570,36;21,39;1,42220349;1422203,49;0,84749;-0,447;75,09;;;
29/07/2021;15640,47;19,81;1,34922204;1349222,04;0,84143;-0,452;76,3;;;
30/07/2021;15544,39;20,32;1,29303117;1293031,17;0,84331;-0,458;77,72;;;
02/08/2021;15568,73;17,56;1,21308948;1213089,48;0,84164;-0,479;73,91;;;
03/08/2021;15555,08;17,82;1,22118375;1221183,75;0,84321;-0,482;73,24;;;
04/08/2021;15692,13;18,18;1,26139795;1261397,95;0,84417;-0,491;70,99;;;
05/08/2021;15744,67;18,73;1,33116072;1331160,72;0,8447;-0,495;72,14;;;
06/08/2021;15761,45;20,18;1,34305025;1343050,25;0,85034;-0,453;71,02;;;
09/08/2021;15745,41;18,2;1,322736;1322736;0,85146;-0,458;69,65;;;
10/08/2021;15770,71;18,87;1,29340719;1293407,19;0,85328;-0,456;71,14;;;
11/08/2021;15826,09;18,49;1,27066727;1270667,27;0,85186;-0,459;71,99;;;
12/08/2021;15937,51;21,62;1,26354898;1263548,98;0,85255;-0,46;71,79;;;
13/08/2021;15977,44;24,23;1,29114288;1291142,88;0,84796;-0,465;70,9;;;
16/08/2021;15925,73;19,01;1,32871083;1328710,83;0,84828;-0,468;70,07;;;
17/08/2021;15921,95;15,77;1,30962675;1309626,75;0,8535;-0,466;69,4;;;
18/08/2021;15965,97;17,43;1,29262285;1292622,85;0,85386;-0,48;68,61;;;
19/08/2021;15765,81;18,44;1,30318789;1303187,89;0,85598;-0,488;66,8;;;
20/08/2021;15808,04;18,15;1,33324166;1333241,66;0,8562;-0,496;65,51;;;
23/08/2021;15852,79;15,97;1,43751304;1437513,04;0,85179;-0,478;69,07;;;
24/08/2021;15905,85;16,38;1,49315615;1493156,15;0,8503;-0,477;71,21;;;
25/08/2021;15860,66;16,4;1,51309113;1513091,13;0,85096;-0,417;72,12;;;
26/08/2021;15793,62;14,76;1,51821636;1518216,36;0,85074;-0,416;70,42;;;
27/08/2021;15851,75;14,23;1,51316833;1513168,33;0,84846;-0,417;72,26;;;
30/08/2021;15887,31;15,51;1,54512041;1545120,41;0,84753;-0,436;72,26;;;
31/08/2021;15835,09;15,86;1,5567899;1556789,9;0,84713;-0,38;73,45;;;
01/09/2021;15824,29;16,48;1,59424499;1594244,99;0,8436;-0,371;71,99;;;
02/09/2021;15840,59;16,92;1,61638934;1616389,34;0,84264;-0,385;73,56;;;
03/09/2021;15781,2;16,77;1,62315199;1623151,99;0,84168;-0,361;73,07;;;
06/09/2021;15932,12;16,51;1,65395081;1653950,81;0,84306;-0,368;72,43;;;
07/09/2021;15843,09;18,18;1,65492623;1654926,23;0,8442;-0,317;71,52;;;
08/09/2021;15610,28;18,98;1,65276057;1652760,57;0,8466;-0,322;72,36;;;
09/09/2021;15623,15;19,5;1,65494954;1654949,54;0,8462;-0,364;71,32;;;
10/09/2021;15609,81;21,24;1,68149814;1681498,14;0,84499;-0,333;72,44;;;
13/09/2021;15701,42;16,76;1,73307031;1733070,31;0,84674;-0,329;72,97;;;
14/09/2021;15722,99;16,93;1,7376802;1737680,2;0,84592;-0,34;73,05;;;
15/09/2021;15616;18,35;1,74598898;1745988,98;0,8461;-0,307;74,84;;;
16/09/2021;15651,75;17,3;1,76316074;1763160,74;0,85009;-0,309;75,14;;;
17/09/2021;15490,17;14,68;1,77835038;1778350,38;0,85201;-0,28;74,64;;;
20/09/2021;15132,06;11,92;1,84418984;1844189,84;0,85288;-0,315;73,59;;;
21/09/2021;15348,53;11,98;1,87696202;1876962,02;0,85291;-0,328;73,65;;;
22/09/2021;15506,74;13,67;1,9037696;1903769,6;0,85226;-0,327;75,5;;;
23/09/2021;15643,97;14,13;1,84634474;1846344,74;0,8511;-0,258;76,44;;;
24/09/2021;15531,75;15,08;1,79774106;1797741,06;0,85372;-0,226;77,42;;;
27/09/2021;15573,88;17,47;1,73300157;1733001,57;0,85466;-0,224;78,85;;;
28/09/2021;15248,56;16,03;1,73335278;1733352,78;0,85664;-0,199;78,3;;;
29/09/2021;15365,27;13,46;1,71448312;1714483,12;0,86092;-0,213;77,86;;;
30/09/2021;15260,69;11,35;1,75221957;1752219,57;0,86285;-0,195;77,81;;;
01/10/2021;15156,44;11,92;1,75618304;1756183,04;0,86233;-0,221;79,4;;;
04/10/2021;15036,55;14,05;1,64301043;1643010,43;0,86029;-0,218;81,44;;;
05/10/2021;15194,49;12,38;1,6153408;1615340,8;0,86259;-0,189;82,72;;;
06/10/2021;14973,33;11,73;1,6218877;1621887,7;0,86636;-0,182;81,39;;;
07/10/2021;15250,86;11,93;1,68925281;1689252,81;0,86501;-0,19;82,34;;;
08/10/2021;15206,13;10,92;1,76009456;1760094,56;0,86401;-0,147;82,17;;;
11/10/2021;15199,14;8,23;1,99019736;1990197,36;0,86412;-0,124;83,75;;;
12/10/2021;15146,87;8,39;2,04510835;2045108,35;0,86588;-0,097;83,53;;;
13/10/2021;15249,38;7,41;2,1129361;2112936,1;0,86397;-0,128;83,53;;;
14/10/2021;15462,72;9,99;2,10115759;2101157,59;0,86285;-0,184;83,86;;;
15/10/2021;15587,36;10,22;2,06923356;2069233,56;0,86166;-0,167;84,67;;;
18/10/2021;15474,47;9,83;2,12183501;2121835,01;0,86196;-0,148;84,13;;;
19/10/2021;15515,83;11,4;2,0739639;2073963,9;0,85877;-0,114;85,02;;;
20/10/2021;15522,92;14,24;1,9185445;1918544,5;0,85855;-0,122;85,76;;;
21/10/2021;15472,56;12,24;1,81996488;1819964,88;0,85866;-0,097;84,58;;;
22/10/2021;15542,98;7,18;1,78454483;1784544,83;0,85863;-0,092;85,43;;;
25/10/2021;15599,23;5,59;1,72525513;1725255,13;0,8611;-0,112;84,85;;;
26/10/2021;15757,06;8,9;1,7441713;1744171,3;0,86252;-0,122;85,11;;;
27/10/2021;15705,81;10,94;1,83729409;1837294,09;0,86237;-0,179;84,12;;;
28/10/2021;15696,33;9,8;1,92852929;1928529,29;0,85642;-0,151;83,4;;;
29/10/2021;15688,77;7,59;1,96637104;1966371,04;0,86412;-0,151;83,1;;;
01/11/2021;15806,29;8,91;1,7723157;1772315,7;0,86278;-0,102;84,51;;;
02/11/2021;15954,45;7,1;1,79691871;1796918,71;0,86356;-0,159;84,42;;;
03/11/2021;15959,98;5,88;1,85996484;1859964,84;0,86322;-0,167;81,1;;;
04/11/2021;16029,65;6,04;1,88850063;1888500,63;0,86614;-0,222;80,15;;;
05/11/2021;16054,36;7,67;1,9246049;1924604,9;0,86546;-0,278;82,43;;;
08/11/2021;16046,52;7,72;2,0700837;2070083,7;0,86289;-0,246;83,22;;;
09/11/2021;16040,47;6,64;2,09415809;2094158,09;0,86322;-0,294;84,52;;;
10/11/2021;16067,83;4,39;2,1103244;2110324,4;0,86817;-0,247;82,91;;;
11/11/2021;16083,11;4,58;2,14757603;2147576,03;0,87176;-0,225;83,4;;;
12/11/2021;16094,07;5,14;2,18941328;2189413,28;0,87378;-0,255;82,9;;;
15/11/2021;16148,64;4,22;2,37446791;2374467,91;0,87562;-0,244;81,94;;;
16/11/2021;16247,86;4,84;2,3984651;2398465,1;0,88102;-0,243;82,85;;;
17/11/2021;16251,13;4,79;2,38173232;2381732,32;0,88433;-0,241;80,67;;;
18/11/2021;16221,73;7;2,31523404;2315234,04;0,88117;-0,28;82,45;;;
19/11/2021;16159,97;10,44;2,24080904;2240809,04;0,88359;-0,341;80,24;;;
22/11/2021;16115,69;2,93;2,17960954;2179609,54;0,88917;-0,296;80,97;;;
23/11/2021;15937;3,95;2,1663325;2166332,5;0,88782;-0,231;83,43;;;
24/11/2021;15878,39;4,98;2,19815207;2198152,07;0,89314;-0,219;82,37;;;
25/11/2021;15917,98;2,76;2,27598429;2275984,29;0,89206;-0,248;82,05;;;
26/11/2021;15257,04;2,73;2,36103375;2361033,75;0,88374;-0,336;72,37;;;
29/11/2021;15280,86;0,19;2,53812612;2538126,12;0,88743;-0,323;73,34;;;
30/11/2021;15100,13;2,41;2,48872373;2488723,73;0,88842;-0,341;70,86;;;
01/12/2021;15472,67;4,24;2,37890061;2378900,61;0,8823;-0,331;69,53;;;
02/12/2021;15263,11;0,8;2,3425434;2342543,4;0,88359;-0,331;70,56;;;
03/12/2021;15169,98;-0,69;2,2941689;2294168,9;0,88652;-0,379;70,71;;;
06/12/2021;15380,79;-2,19;2,19625575;2196255,75;0,88727;-0,387;73,38;;;
07/12/2021;15813,94;-1,98;2,25423614;2254236,14;0,88913;-0,373;75,54;;;
08/12/2021;15687,09;-1,6;2,33062146;2330621,46;0,88242;-0,31;75,94;;;
09/12/2021;15639,26;-1,68;2,3742922;2374292,2;0,88609;-0,347;74,1;;;
10/12/2021;15623,31;-1,16;2,43219577;2432195,77;0,8846;-0,35;74,98;;;
13/12/2021;15621,72;2,58;2,40850057;2408500,57;0,88688;-0,381;74,12;;;
14/12/2021;15453,56;2,99;2,38837436;2388374,36;0,88704;-0,361;73,37;;;
15/12/2021;15476,35;6,05;2,36857537;2368575,37;0,88877;-0,363;73,71;;;
16/12/2021;15636,4;5,69;2,31741819;2317418,19;0,88441;-0,346;74,64;;;
17/12/2021;15531,69;4,08;2,28260274;2282602,74;0,88696;-0,372;72,97;;;
20/12/2021;15239,67;0,07;2,26062997;2260629,97;0,88578;-0,361;70,51;;;
21/12/2021;15447,44;-0,37;2,33248177;2332481,77;0,8879;-0,303;72,85;;;
22/12/2021;15593,47;-2,33;2,41968056;2419680,56;0,88312;-0,294;74,69;;;
23/12/2021;15756,31;-1,22;2,4471972;2447197,2;0,88429;-0,253;76,26;;;
24/12/2021;15756,31;0,12;2,37448145;2374481,45;0,88269;-0,251;75,24;;;
27/12/2021;15835,25;-5,91;2,34032776;2340327,76;0,88347;-0,244;75,24;;;
28/12/2021;15963,7;-0,84;2,20217403;2202174,03;0,88523;-0,241;75,24;;;
29/12/2021;15852,25;1,1;2,07831229;2078312,29;0,88102;-0,185;78,63;;;
30/12/2021;15884,86;5,8;1,90186207;1901862,07;0,88253;-0,178;78,61;;;
31/12/2021;15884,86;10,78;1,78435572;1784355,72;0,87935;-0,179;77,24;;;
03/01/2022;16020,73;7,98;1,40350168;1403501,68;0,88558;-0,124;78,25;;;
04/01/2022;16152,61;5,78;1,43055379;1430553,79;0,88421;-0,131;79,39;;;
05/01/2022;16271,75;2,61;1,44048158;1440481,58;0,88211;-0,126;80,6;;;
06/01/2022;16052,03;-0,7;1,5812946;1581294,6;0,88527;-0,068;81,99;;;
07/01/2022;15947,74;-0,46;1,76626916;1766269,16;0,88121;-0,031;82,28;;;
10/01/2022;15768,27;0,73;2,20264101;2202641,01;0,88343;-0,036;81,56;;;
11/01/2022;15941,81;-2,9;2,28362545;2283625,45;0,8818;-0,033;84,98;;;
12/01/2022;16010,32;-0,11;2,36868654;2368686,54;0,87562;-0,056;85,83;;;
13/01/2022;16031,59;2,19;2,39810303;2398103,03;0,87256;-0,087;85,8;;;
14/01/2022;15883,24;3,07;2,41907792;2419077,92;0,87462;-0,047;87,17;;;
17/01/2022;15933,72;2,65;2,41441141;2414411,41;0,87696;-0,024;87,82;;;
18/01/2022;15772,56;1,14;2,39988306;2399883,06;0,8816;-0,017;88,83;;;
19/01/2022;15809,72;2,51;2,36184702;2361847,02;0,88145;-0,009;89,64;;;
20/01/2022;15912,33;0,48;2,32298231;2322982,31;0,88121;-0,025;89,75;;;
21/01/2022;15603,88;-1,38;2,30932518;2309325,18;0,88129;-0,061;89,75;;;
24/01/2022;15011,13;3,58;2,34945053;2349450,53;0,88425;-0,1;87,74;;;
25/01/2022;15123,87;2,54;2,35799118;2357991,18;0,887;-0,081;89,49;;;
26/01/2022;15459,39;1,75;2,38201337;2382013,37;0,88633;-0,07;91,22;;;
27/01/2022;15524,27;2,91;2,37189053;2371890,53;0,89694;-0,057;90,7;;;
28/01/2022;15318,95;3,41;2,33376025;2333760,25;0,89562;-0,044;91,47;;;
31/01/2022;15471,2;0,87;2,09619622;2096196,22;0,89206;0,014;92,35;;;
01/02/2022;15619,39;2,23;2,03109956;2031099,56;0,88897;0,034;90,24;;;
02/02/2022;15613,77;3,72;1,96772784;1967727,84;0,88523;0,035;91,43;;;
03/02/2022;15368,47;2,62;2,00831831;2008318,31;0,87585;0,149;92,99;;;
04/02/2022;15099,56;5,26;1,99794016;1997940,16;0,8739;0,207;96,86;;;
07/02/2022;15206,64;2,98;1,95676816;1956768,16;0,87371;0,222;97,28;;;
08/02/2022;15242,38;5,08;1,94783469;1947834,69;0,87566;0,264;96,07;;;
09/02/2022;15482,01;8,1;1,96004972;1960049,72;0,87501;0,22;94,95;;;
10/02/2022;15490,44;6,4;1,96228693;1962286,93;0,87203;0,292;96,37;;;
11/02/2022;15425,12;2,83;2,02371467;2023714,67;0,87692;0,29;97,5;;;
14/02/2022;15113,97;4,48;2,16135154;2161351,54;0,88429;0,274;101,66;;;
15/02/2022;15412,71;5,16;2,1804837;2180483,7;0,88055;0,311;98,43;;;
16/02/2022;15370,3;6,41;2,12765115;2127651,15;0,87993;0,274;97,44;;;
17/02/2022;15267,63;8,01;2,00329583;2003295,83;0,87962;0,231;95,28;;;
18/02/2022;15042,51;5,76;1,89897025;1898970,25;0,88172;0,206;96,18;;;
21/02/2022;14731,12;5,23;1,71567369;1715673,69;0,88215;0,201;98,95;;;
22/02/2022;14693;4,8;1,68843417;1688434,17;0,88226;0,241;98,73;;;
23/02/2022;14631,36;4,9;1,73311058;1733110,58;0,88304;0,224;99,29;;;
24/02/2022;14052,1;4,52;1,81308287;1813082,87;0,89977;0,169;101,29;;;
25/02/2022;14567,23;3,71;1,8791485;1879148,5;0,88924;0,224;98,56;;;
28/02/2022;14461,02;-0,06;2,2372777;2237277,7;0,89031;0,156;103,08;;;
01/03/2022;13904,85;0,06;2,3028024;2302802,4;0,89755;-0,069;110,93;;;
02/03/2022;14000,11;1,85;2,36658535;2366585,35;0,90355;0,01;118,94;;;
03/03/2022;13698,4;0,31;2,42461214;2424612,14;0,90395;0,019;115,36;;;
04/03/2022;13094,54;1,1;2,47063752;2470637,52;0,91579;-0,101;123,86;;;
07/03/2022;12834,65;1,65;2,48442603;2484426,03;0,9195;-0,01;129,02;;;
08/03/2022;12831,51;3,67;2,47000689;2470006,89;0,91933;0,11;133,18;;;
09/03/2022;13847,93;3,59;2,44060088;2440600,88;0,90535;0,19;116,58;;;
10/03/2022;13442,1;1,94;2,39428174;2394281,74;0,90756;0,273;114,54;;;
11/03/2022;13628,11;0,39;2,30871188;2308711,88;0,91187;0,27;118,11;;;
14/03/2022;13929,11;4,23;2,0849986;2084998,6;0,91075;0,375;110,39;;;
15/03/2022;13917,27;6,2;2,08592989;2085929,89;0,91129;0,329;105,14;;;
16/03/2022;14440,74;5,86;2,0707234;2070723,4;0,90963;0,397;104,61;;;
17/03/2022;14388,06;5,96;2,06731906;2067319,06;0,90013;0,391;113,5;;;
18/03/2022;14413,09;6,31;2,10112995;2101129,95;0,9051;0,37;114,32;;;
21/03/2022;14326,97;4,17;2,04834849;2048348,49;0,90502;0,446;122,29;;;
22/03/2022;14473,2;5,77;2,01979842;2019798,42;0,90728;0,506;121,53;;;
23/03/2022;14283,65;8,35;2,02002478;2020024,78;0,90897;0,479;127,52;;;
24/03/2022;14273,79;6,41;2,03151634;2031516,34;0,90847;0,527;123,98;;;
25/03/2022;14305,76;8,5;2,02971552;2029715,52;0,91037;0,569;122,67;;;
28/03/2022;14417,37;7,48;2,09583465;2095834,65;0,91162;0,584;114,5;;;
29/03/2022;14820,33;6,69;2,09981177;2099811,77;0,9007;0,641;112,79;;;
30/03/2022;14606,05;4,34;2,12269425;2122694,25;0,8957;0,657;115,59;;;
31/03/2022;14414,75;2,88;2,13080269;2130802,69;0,89876;0,554;107,29;;;
01/04/2022;14446,48;2,58;2,14893181;2148931,81;0,90608;0,564;106,13;;;
04/04/2022;14518,16;3,01;2,21279823;2212798,23;0,90938;0,519;108,15;;;
05/04/2022;14424,36;6,43;2,19265372;2192653,72;0,9142;0,613;106,6;;;
06/04/2022;14151,69;10,05;2,09763618;2097636,18;0,91579;0,647;100,81;;;
07/04/2022;14078,15;9,35;1,99617782;1996177,82;0,91646;0,68;99,83;;;
08/04/2022;14283,67;6,34;1,95272908;1952729,08;0,91967;0,712;101,26;;;
11/04/2022;14192,78;5,92;1,85563783;1855637,83;0,91768;0,813;97,92;;;
12/04/2022;14124,95;7,83;1,81903179;1819031,79;0,91967;0,79;104,42;;;
13/04/2022;14076,44;11,3;1,82765109;1827651,09;0,92187;0,775;108,49;;;
14/04/2022;14163,85;11,43;1,86573875;1865738,75;0,92795;0,84;110,83;;;
15/04/2022;14163,85;7,1;1,81798509;1817985,09;0,92795;0,84;110,83;;;
18/04/2022;14163,85;7,65;1,70383894;1703838,94;0,92648;0,84;110,83;;;
19/04/2022;14153,46;7,47;1,7093425;1709342,5;0,92708;0,918;105,49;;;
20/04/2022;14362,03;8,47;1,72041684;1720416,84;0,92034;0,863;105,05;;;
21/04/2022;14502,41;8,86;1,72558941;1725589,41;0,92213;0,923;107,2;;;
22/04/2022;14142,09;9,8;1,73769289;1737692,89;0,92803;0,923;105,15;;;
25/04/2022;13924,17;8,59;1,78008776;1780087,76;0,93392;0,844;99,27;;;
26/04/2022;13756,4;10,37;1,82339898;1823398,98;0,93892;0,801;102,89;;;
27/04/2022;13793,94;11,32;1,85771558;1857715,58;0,9508;0,809;103,3;;;
28/04/2022;13979,84;10,72;1,87829072;1878290,72;0,95089;0,899;105,78;;;
29/04/2022;14097,88;12,27;1,92283338;1922833,38;0,94791;0,938;108,36;;;
02/05/2022;13939,07;12,82;1,9754615;1975461,5;0,95025;0,959;108,36;;;
03/05/2022;14039,47;12,05;1,96887141;1968871,41;0,9489;0,952;104,94;;;
04/05/2022;13970,82;13,81;1,95652012;1956520,12;0,948;0,981;110,53;;;
05/05/2022;13902,52;13,73;1,9518998;1951899,8;0,94962;1,043;112,11;;;
06/05/2022;13674,29;14,08;1,93461;1934610;0,94491;1,142;113,86;;;
09/05/2022;13380,67;13,51;1,83829198;1838291,98;0,94967;1,092;106,67;;;
10/05/2022;13534,74;17,32;1,77519792;1775197,92;0,9485;1,003;102,61;;;
11/05/2022;13828,64;20,3;1,684553;1684553;0,94818;1,001;107,7;;;
12/05/2022;13739,64;15,87;1,60632629;1606326,29;0,96038;0,871;108,06;;;
13/05/2022;14027,93;14,29;1,54381522;1543815,22;0,96205;0,951;112,12;;;
16/05/2022;13964,38;17,93;1,43927806;1439278,06;0,96117;0,934;114,86;;;
17/05/2022;14185,94;15,8;1,45307339;1453073,39;0,94917;1,05;112,89;;;
18/05/2022;14007,76;17,79;1,47589836;1475898,36;0,95125;1,014;110,04;;;
19/05/2022;13882,3;20,71;1,47583523;1475835,23;0,94433;0,939;113,22;;;
20/05/2022;13981,91;20,27;1,47666031;1476660,31;0,94715;0,944;113,63;;;
23/05/2022;14175,4;17,37;1,46405755;1464057,55;0,93734;1,023;115,13;;;
24/05/2022;13919,75;17,05;1,4462111;1446211,1;0,93227;0,95;115,77;;;
25/05/2022;14007,93;15,32;1,43856396;1438563,96;0,93637;0,947;116,41;;;
26/05/2022;14231,29;16,76;1,37363392;1373633,92;0,93305;0,994;119,81;;;
27/05/2022;14462,19;14,86;1,33245761;1332457,61;0,93371;0,961;121,19;;;
30/05/2022;14575,98;11,9;1,4228004;1422800,4;0,92769;1,045;123,01;;;
31/05/2022;14388,35;14,64;1,48291741;1482917,41;0,93349;1,125;125,53;;;
01/06/2022;14340,47;14,65;1,51143454;1511434,54;0,93743;1,179;122,2;;;
02/06/2022;14485,17;14,78;1,5984147;1598414,7;0,93314;1,229;122,2;;;
03/06/2022;14460,09;18,72;1,64796371;1647963,71;0,93266;1,272;125,68;;;
06/06/2022;14653,81;20,59;1,51262334;1512623,34;0,93279;1,329;124,99;;;
07/06/2022;14556,62;19,24;1,45750692;1457506,92;0,9341;1,287;126,89;;;
08/06/2022;14445,99;20,26;1,44057468;1440574,68;0,93184;1,349;129,2;;;
09/06/2022;14198,8;18,84;1,44007286;1440072,86;0,93892;1,435;128,47;;;
10/06/2022;13761,83;19,91;1,44485146;1444851,46;0,94962;1,498;127,44;;;
13/06/2022;13427,03;16,37;1,49376712;1493767,12;0,95946;1,626;128,44;;;
14/06/2022;13304,39;15,9;1,49972352;1499723,52;0,96057;1,738;127,02;;;
15/06/2022;13485,29;19,78;1,50295805;1502958,05;0,96057;1,645;124,96;;;
16/06/2022;13038,49;19,08;1,48015373;1480153,73;0,95274;1,696;125,78;;;
17/06/2022;13126,26;20,12;1,47008188;1470081,88;0,95625;1,662;119,22;;;
20/06/2022;13265,6;15,4;1,4783981;1478398,1;0,94908;1,753;118,25;;;
21/06/2022;13292,4;18,73;1,49052213;1490522,13;0,94657;1,763;118,51;;;
22/06/2022;13144,28;21,65;1,50822359;1508223,59;0,94371;1,624;115,54;;;
23/06/2022;12912,59;22,87;1,54391273;1543912,73;0,9498;1,436;114,5;;;
24/06/2022;13118,13;25,01;1,55521945;1555219,45;0,94836;1,442;117,36;;;
27/06/2022;13186,07;27,86;1,61126747;1611267,47;0,94362;1,542;119,69;;;
28/06/2022;13231,82;21,56;1,60872664;1608726,64;0,95107;1,639;122,21;;;
29/06/2022;13003,35;21,65;1,60355446;1603554,46;0,95434;1,506;120,8;;;
30/06/2022;12783,77;22,99;1,62562554;1625625,54;0,95653;1,367;119,78;;;
01/07/2022;12813,03;20,44;1,65438115;1654381,15;0,96232;1,231;119,21;;;
04/07/2022;12773,38;21,74;1,61679926;1616799,26;0,95932;1,34;121,8;;;
05/07/2022;12401,2;20,74;1,61463067;1614630,67;0,97637;1,184;110,49;;;
06/07/2022;12594,52;18,48;1,60549692;1605496,92;0,98092;1,159;108,54;;;
07/07/2022;12843,22;16,89;1,56256967;1562569,67;0,98328;1,288;113,4;;;
08/07/2022;13015,23;17,77;1,52999233;1529992,33;0,98295;1,341;113,95;;;
11/07/2022;12832,44;18,55;1,51887266;1518872,66;0,99172;1,25;114,85;;;
12/07/2022;12905,48;20,8;1,51477545;1514775,45;0,99507;1,133;106,98;;;
13/07/2022;12756,32;24,47;1,52073537;1520735,37;0,98917;1,148;107,17;;;
14/07/2022;12519,66;20,06;1,52823447;1528234,47;1,00035;1,184;107,74;;;
15/07/2022;12864,72;17,53;1,53199097;1531990,97;0,99211;1,125;112,26;;;
18/07/2022;12959,81;22,65;1,51545501;1515455,01;0,98082;1,215;117,27;;;
19/07/2022;13308,41;26,73;1,51713069;1517130,69;0,97585;1,279;114,96;;;
20/07/2022;13281,98;29,22;1,50256316;1502563,16;0,97919;1,262;115,86;;;
21/07/2022;13246,64;25,65;1,51846074;1518460,74;0,98116;1,225;112,81;;;
22/07/2022;13253,68;22,3;1,53786325;1537863,25;0,97747;1,02;106,77;;;
25/07/2022;13210,32;26,76;1,57617942;1576179,42;0,97871;1,024;108,23;;;
26/07/2022;13096,93;20,73;1,56919797;1569197,97;0,98683;0,929;107,32;;;
27/07/2022;13166,38;18,07;1,58212283;1582122,83;0,98809;0,938;109,64;;;
28/07/2022;13282,11;18,26;1,57527605;1575276,05;0,98469;0,802;109,68;;;
29/07/2022;13484,05;21,3;1,5692781;1569278,1;0,98073;0,827;111,51;;;
01/08/2022;13479,63;21,73;1,59119087;1591190,87;0,97343;0,763;106,09;;;
02/08/2022;13449,2;22,02;1,58784278;1587842,78;0,98044;0,782;106,51;;;
03/08/2022;13587,56;27,22;1,57241251;1572412,51;0,98712;0,864;101,82;;;
04/08/2022;13662,68;29,54;1,56042899;1560428,99;0,97929;0,804;97,99;;;
05/08/2022;13573,93;23,98;1,55065446;1550654,46;0,98372;0,955;100,31;;;
08/08/2022;13687,69;22,12;1,53704287;1537042,87;0,97871;0,899;103,46;;;
09/08/2022;13534,97;21,73;1,53291435;1532914,35;0,97819;0,924;103,81;;;
10/08/2022;13700,93;22,35;1,53199622;1531996,22;0,96567;0,885;105,06;;;
11/08/2022;13694,51;23,87;1,51854008;1518540,08;0,9666;0,973;107,19;;;
12/08/2022;13795,85;24,29;1,49454329;1494543,29;0,97613;0,994;103,7;;;
15/08/2022;13816,61;24,9;1,44793427;1447934,27;0,98092;0,896;98,25;;;
16/08/2022;13910,12;25,15;1,44653299;1446532,99;0,98237;0,978;95,36;;;
17/08/2022;13626,71;26,94;1,44450764;1444507,64;0,98401;1,081;97,22;;;
18/08/2022;13697,41;25,62;1,45823131;1458231,31;0,98722;1,094;96,35;;;
19/08/2022;13544,52;23,13;1,47919656;1479196,56;0,99587;1,228;96,45;;;
22/08/2022;13230,57;20,32;1,54371295;1543712,95;1,00336;1,293;95,06;;;
23/08/2022;13194,23;21,15;1,5615361;1561536,1;1,00135;1,317;99,49;;;
24/08/2022;13220,06;23,02;1,58073466;1580734,66;1,0008;1,359;99,87;;;
25/08/2022;13271,96;24,17;1,59177055;1591770,55;1,00185;1,324;98,81;;;
26/08/2022;12971,47;24,31;1,60380597;1603805,97;0,99835;1,398;101,13;;;
29/08/2022;12892,99;18,41;1,61111485;1611114,85;1,00165;1,501;101,13;;;
30/08/2022;12961,14;18,51;1,6171583;1617158,3;1,00115;1,507;99,34;;;
31/08/2022;12834,96;18,29;1,63973533;1639735,33;0,99448;1,535;96,55;;;
01/09/2022;12630,23;17,56;1,65679369;1656793,69;1,00644;1,564;92,24;;;
02/09/2022;13050,27;17,38;1,66397063;1663970,63;0,99726;1,521;93,09;;;
05/09/2022;12760,78;19,44;1,64743641;1647436,41;1,00801;1,567;94,22;;;
06/09/2022;12871,44;17,95;1,64603312;1646033,12;1,00964;1,605;91,43;;;
07/09/2022;12915,97;19,71;1,63771442;1637714,42;1,00518;1,574;86,83;;;
08/09/2022;12904,32;17,13;1,64450982;1644509,82;1,00437;1,712;87,99;;;
09/09/2022;13088,21;17,44;1,65626101;1656261,01;0,99577;1,703;91,68;;;
12/09/2022;13402,27;16,5;1,74840057;1748400,57;0,98707;1,644;93,45;;;
13/09/2022;13188,95;17,08;1,75148106;1751481,06;0,99845;1,725;92,04;;;
14/09/2022;13028;14,64;1,75977495;1759774,95;1,00025;1,689;92,83;;;
15/09/2022;12956,66;14,55;1,75593396;1755933,96;1,00045;1,733;89,28;;;
16/09/2022;12741,26;13,67;1,72893614;1728936,14;0,99696;1,764;89,43;;;
19/09/2022;12803,24;11,86;1,6451437;1645143,7;0,99875;1,789;89,43;;;
20/09/2022;12670,83;11,77;1,69504476;1695044,76;1,00055;1,945;89,62;;;
21/09/2022;12767,15;12,26;1,74021334;1740213,34;1,0123;1,89;89,86;;;
22/09/2022;12531,63;11,51;1,78927753;1789277,53;1,0188;1,983;90,4;;;
23/09/2022;12284,19;11,5;1,86073712;1860737,12;1,03034;2,035;84,29;;;
26/09/2022;12227,92;12,75;1,99583365;1995833,65;1,03643;2,092;82,55;;;
27/09/2022;12139,68;11,01;1,98261606;1982616,06;1,03939;2,251;85,97;;;
28/09/2022;12183,28;8,48;1,98878794;1988787,94;1,03837;2,14;89,55;;;
29/09/2022;11975,55;9,58;1,99850918;1998509,18;1,02391;2,21;89,41;;;
30/09/2022;12114,36;10,43;1,98413526;1984135,26;1,02077;2,111;88,9;;;
03/10/2022;12209,48;12,49;1,81549595;1815495,95;1,01859;1,894;90,68;;;
04/10/2022;12670,48;13,3;1,79570853;1795708,53;1,00437;1,888;93,74;;;
05/10/2022;12517,18;13,52;1,69543382;1695433,82;1,01466;2,02;94,35;;;
06/10/2022;12470,78;14,03;1,61498724;1614987,24;1,01611;2,08;95,65;;;
07/10/2022;12273;11,4;1,59031553;1590315,53;1,02192;2,194;98,88;;;
10/10/2022;12272,94;11,06;1,73399204;1733992,04;1,03066;2,322;97,13;;;
11/10/2022;12220,25;10,59;1,76876171;1768761,71;1,02997;2,309;95,17;;;
12/10/2022;12172,26;10,27;1,86399629;1863996,29;1,03087;2,343;93,44;;;
13/10/2022;12355,58;10,45;1,93107401;1931074,01;1,02918;2,296;95,16;;;
14/10/2022;12437,81;12,91;1,95457782;1954577,82;1,02527;2,357;92,22;;;
17/10/2022;12649,03;17,56;1,86047573;1860475,73;1,01869;2,27;91,04;;;
18/10/2022;12765,61;13,77;1,82916341;1829163,41;1,01518;2,272;89,46;;;
19/10/2022;12741,41;10,33;1,79218201;1792182,01;1,0214;2,366;91,34;;;
20/10/2022;12767,41;8,8;1,73934376;1739343,76;1,0159;2,401;91,52;;;
21/10/2022;12730,9;12,26;1,70549074;1705490,74;1,02077;2,44;91,82;;;
24/10/2022;12931,45;14,62;1,63966139;1639661,39;1,01169;2,347;91,57;;;
25/10/2022;13052,96;12,99;1,59765492;1597654,92;1,00417;2,167;91,76;;;
26/10/2022;13195,81;11,74;1,56919657;1569196,57;0,99517;2,116;92,93;;;
27/10/2022;13211,23;13,4;1,54528415;1545284,15;1,00025;1,982;94,17;;;
28/10/2022;13243,33;16,29;1,50211779;1502117,79;1,00508;2,088;94,64;;;
31/10/2022;13253,74;13,84;1,52572411;1525724,11;1,01179;2,157;93,3;;;
01/11/2022;13338,74;12,77;1,4870401;1487040,1;1,01291;2,125;95,12;;;
02/11/2022;13256,74;9,6;1,46442361;1464423,61;1,01297;2,139;96,07;;;
03/11/2022;13130,19;8,34;1,48044471;1480444,71;1,02475;2,247;95,29;;;
04/11/2022;13459,85;8,58;1,55493374;1554933,74;1,01056;2,29;99,53;;;
07/11/2022;13533,52;9,26;1,62882324;1628823,24;1,00005;2,322;99,87;;;
08/11/2022;13688,75;10,84;1,67367048;1673670,48;0,99339;2,27;96,85;;;
09/11/2022;13666,32;11,27;1,69254045;1692540,45;0,99716;2,178;93,05;;;
10/11/2022;14146,09;10,56;1,7079397;1707939,7;0,98217;2,004;94,25;;;
11/11/2022;14224,86;9,03;1,7008162;1700816,2;0,96838;2,159;96,37;;;
14/11/2022;14313,3;6,42;1,91650927;1916509,27;0,96791;2,156;93,59;;;
15/11/2022;14378,51;7,59;2,00963086;2009630,86;0,96465;2,097;94,3;;;
16/11/2022;14234,03;5,53;2,07085409;2070854,09;0,96103;2,006;92,61;;;
17/11/2022;14266,38;3,1;2,09506164;2095061,64;0,9681;2,023;91;;;
18/11/2022;14431,86;-1,32;2,15858714;2158587,14;0,96511;2,018;88,93;;;
21/11/2022;14379,93;-2,32;2,31039407;2310394,07;0,97651;1,98;88,44;;;
22/11/2022;14422,35;-0,43;2,31849058;2318490,58;0,97234;1,981;88,65;;;
23/11/2022;14427,59;1,46;2,34953258;2349532,58;0,9639;1,921;85,9;;;
24/11/2022;14539,56;1,81;2,40088161;2400881,61;0,96066;1,845;85,59;;;
25/11/2022;14541,38;3,87;2,40453305;2404533,05;0,96094;1,97;83,4;;;
28/11/2022;14383,36;2,42;2,34583184;2345831,84;0,96177;1,993;83,5;;;
29/11/2022;14355,45;2,48;2,3905233;2390523,3;0,96558;1,913;83,22;;;
30/11/2022;14397,04;1,58;2,45119615;2451196,15;0,9712;1,946;85,61;;;
01/12/2022;14490,3;-0,53;2,5025407;2502540,7;0,95361;1,824;86,28;;;
02/12/2022;14529,39;-0,27;2,53869116;2538691,16;0,95479;1,855;86,54;;;
05/12/2022;14447,61;0,63;2,60479627;2604796,27;0,94989;1,876;83,36;;;
06/12/2022;14343,19;-0,08;2,60646461;2606464,61;0,95215;1,799;79,92;;;
07/12/2022;14261,19;0,82;2,58146855;2581468,55;0,95206;1,787;77,11;;;
08/12/2022;14264,56;0,89;2,58488483;2584884,83;0,94827;1,819;76,02;;;
09/12/2022;14370,72;-0,87;2,59458228;2594582,28;0,94872;1,925;76,37;;;
12/12/2022;14306,63;-2,37;2,70564768;2705647,68;0,95043;1,934;78;;;
13/12/2022;14497,89;-4,62;2,75312547;2753125,47;0,93998;1,904;80,14;;;
14/12/2022;14460,2;-7,34;2,80550926;2805509,26;0,93919;1,932;83,33;;;
15/12/2022;13986,23;-6,97;2,82389801;2823898,01;0,93892;2,083;82,34;;;
16/12/2022;13893,07;-5,93;2,84311633;2843116,33;0,94202;2,165;80,2;;;
19/12/2022;13942,87;-1,59;2,72984954;2729849,54;0,94522;2,197;81,66;;;
20/12/2022;13884,66;2,19;2,58190009;2581900,09;0,93989;2,299;79,45;;;
21/12/2022;14097,82;3,18;2,4532717;2453271,7;0,94211;2,297;80,25;;;
22/12/2022;13914,07;3,48;2,3197818;2319781,8;0,94335;2,365;79,58;;;
23/12/2022;13940,93;4,21;2,1821404;2182140,4;0,9422;2,392;82,45;;;
26/12/2022;13940,93;7,46;1,7067881;1706788,1;0,9422;2,392;82,45;;;
27/12/2022;13995,1;2,49;1,65561692;1655616,92;0,93901;2,513;82,45;;;
28/12/2022;13925,6;4,15;1,56344444;1563444,44;0,94175;2,507;81,7;;;
29/12/2022;14071,72;7,69;1,47735948;1477359,48;0,93751;2,464;80,96;;;
30/12/2022;13923,59;5,39;1,4011301;1401130,1;0,93699;2,562;82,82;;;
02/01/2023;14069,26;10,02;1,30509382;1305093,82;0,93699;2,447;82,82;;;
03/01/2023;14181,67;5,01;1,36006202;1360062,02;0,94737;2,376;80,36;;;
04/01/2023;14490,78;6,39;1,36910456;1369104,56;0,94308;2,279;75,31;;;
05/01/2023;14436,31;6,74;1,42257881;1422578,81;0,95062;2,308;76,73;;;
06/01/2023;14610,02;5,89;1,46270735;1462707,35;0,94317;2,209;76,41;;;
09/01/2023;14792,83;4,18;1,64540861;1645408,61;0,93097;2,214;77,5;;;
10/01/2023;14774,6;4,63;1,66481457;1664814,57;0,93214;2,301;78,4;;;
11/01/2023;14947,91;4,9;1,7178686;1717868,6;0,92993;2,185;81,11;;;
12/01/2023;15058,3;7,32;1,69872289;1698722,89;0,92537;2,132;82,59;;;
13/01/2023;15086,52;8,26;1,67685113;1676851,13;0,9234;2,143;83,43;;;
16/01/2023;15134,04;3,17;1,69065687;1690656,87;0,92374;2,195;82,65;;;
17/01/2023;15187,07;1,23;1,73037881;1730378,81;0,9258;2,089;84,38;;;
18/01/2023;15181,8;-1,15;1,84605031;1846050,31;0,92323;2,008;83,78;;;
19/01/2023;14920,36;-1,34;1,99909747;1999097,47;0,92683;2,053;85,08;;;
20/01/2023;15033,56;-1,13;2,18659502;2186595,02;0,92328;2,171;86,96;;;
23/01/2023;15102,95;-0,58;2,63591891;2635918,91;0,92039;2,201;87,54;;;
24/01/2023;15093,11;-0,69;2,69448777;2694487,77;0,9195;2,159;85,25;;;
25/01/2023;15081,64;-0,37;2,73152605;2731526,05;0,91722;2,158;85,08;;;
26/01/2023;15132,85;-1,13;2,76676491;2766764,91;0,92132;2,214;86,29;;;
27/01/2023;15150,03;-0,5;2,75822846;2758228,46;0,92247;2,245;85,36;;;
30/01/2023;15126,08;2,15;2,55919351;2559193,51;0,91992;2,306;84,9;;;
31/01/2023;15128,27;2,47;2,4299303;2429930,3;0,92077;2,276;83,42;;;
01/02/2023;15180,74;3,32;2,27900053;2279000,53;0,91563;2,291;81,61;;;
02/02/2023;15509,19;3,09;2,18045868;2180458,68;0,91404;2,065;80,57;;;
03/02/2023;15476,43;5,08;2,06254011;2062540,11;0,92102;2,195;78,85;;;
06/02/2023;15345,91;-1,74;2,14381022;2143810,22;0,93184;2,284;80,48;;;
07/02/2023;15320,88;-2,56;2,27588824;2275888,24;0,93523;2,311;82,92;;;
08/02/2023;15412,05;-3,28;2,40934678;2409346,78;0,93244;2,367;84,17;;;
09/02/2023;15523,42;-2,86;2,47275558;2472755,58;0,9292;2,311;83,46;;;
10/02/2023;15307,98;1,03;2,54913876;2549138,76;0,93664;2,367;85,46;;;
13/02/2023;15397,34;4,58;2,52817858;2528178,58;0,93288;2,374;85,98;;;
14/02/2023;15380,56;2,96;2,51585848;2515858,48;0,93297;2,446;84,96;;;
15/02/2023;15506,34;1,69;2,50736315;2507363,15;0,93668;2,474;84,11;;;
16/02/2023;15533,64;4,31;2,48013047;2480130,47;0,93694;2,483;83,84;;;
17/02/2023;15482;8,3;2,35346091;2353460,91;0,93778;2,46;81,97;;;
20/02/2023;15477,55;5,61;2,0165776;2016577,6;0,93567;2,459;82,79;;;
21/02/2023;15397,62;8,24;1,92004852;1920048,52;0,93602;2,538;82,14;;;
22/02/2023;15399,89;5,86;1,87526675;1875266,75;0,94091;2,514;79,55;;;
23/02/2023;15475,69;5,19;1,87746135;1877461,35;0,94371;2,475;82,08;;;
24/02/2023;15209,74;2,26;1,965474;1965474;0,94863;2,529;82,31;;;
27/02/2023;15381,43;-0,54;2,23625814;2236258,14;0,94326;2,587;81,24;;;
28/02/2023;15365,14;0,33;2,32064777;2320647,77;0,94295;2,634;83,21;;;
01/03/2023;15305,02;1,58;2,36943472;2369434,72;0,93708;2,714;83,68;;;
02/03/2023;15327,64;-0,06;2,40645453;2406454,53;0,94246;2,754;84,15;;;
03/03/2023;15578,39;-0,2;2,47878198;2478781,98;0,94362;2,714;85,74;;;
06/03/2023;15653,58;-0,02;2,56224005;2562240,05;0,93642;2,727;85,86;;;
07/03/2023;15559,53;1,01;2,52002803;2520028,03;0,94469;2,695;83,03;;;
08/03/2023;15631,87;-0,14;2,5184942;2518494,2;0,94764;2,645;82,1;;;
09/03/2023;15633,21;0,24;2,48300197;2483001,97;0,94616;2,641;81;;;
10/03/2023;15427,97;2,56;2,39288371;2392883,71;0,93567;2,496;82,3;;;
13/03/2023;14959,47;8,74;2,11158223;2111582,23;0,93175;2,282;79,67;;;
14/03/2023;15232,83;8,33;2,02353314;2023533,14;0,93253;2,454;76,77;;;
15/03/2023;14735,26;1,62;1,95762268;1957622,68;0,94926;2,118;74,3;;;
16/03/2023;14967,1;2,48;1,89406436;1894064,36;0,94158;2,243;73,12;;;
17/03/2023;14768,2;6,03;1,85275945;1852759,45;0,93936;2,123;71,03;;;
20/03/2023;14933,38;7,51;1,8842802;1884280,2;0,93271;2,099;72,42;;;
21/03/2023;15195,34;7,73;1,93433316;1934333,16;0,92846;2,278;74,78;;;
22/03/2023;15216,19;10,18;1,83499119;1834991,19;0,92666;2,329;76,08;;;
23/03/2023;15210,39;11,16;1,76078858;1760788,58;0,91827;2,186;74,31;;;
24/03/2023;14957,23;10,99;1,71931578;1719315,78;0,92915;2,125;73,63;;;
27/03/2023;15127,68;2,73;1,61308983;1613089,83;0,92751;2,227;76,8;;;
28/03/2023;15142,02;2,8;1,61809481;1618094,81;0,92306;2,284;78,07;;;
29/03/2023;15328,78;5,87;1,67557932;1675579,32;0,92328;2,305;77,51;;;
30/03/2023;15522,4;10,56;1,67729331;1677293,31;0,91634;2,366;78,45;;;
31/03/2023;15628,84;9,55;1,6939876;1693987,6;0,92043;2,31;79,19;;;
03/04/2023;15580,92;1,43;1,78182546;1781825,46;0,9184;2,241;85,81;;;
04/04/2023;15603,47;1,6;1,82437283;1824372,83;0,91162;2,266;85,7;;;
05/04/2023;15520,17;3,27;1,88729051;1887290,51;0,91646;2,179;85,89;;;
06/04/2023;15597,89;4,47;1,9762806;1976280,6;0,91546;2,181;86,56;;;
07/04/2023;15597,89;4,07;2,00642829;2006428,29;0,91546;2,181;86,56;;;
10/04/2023;15597,89;9,69;1,89150342;1891503,42;0,92255;2,181;86,56;;;
11/04/2023;15655,17;7,8;1,76119348;1761193,48;0,91638;2,304;87,32;;;
12/04/2023;15703,6;7,46;1,66214551;1662145,51;0,91095;2,36;88,31;;;
13/04/2023;15729,46;8,98;1,61879209;1618792,09;0,90518;2,371;86,51;;;
14/04/2023;15807,5;7,21;1,65379643;1653796,43;0,90847;2,431;87,31;;;
17/04/2023;15789,53;9,28;1,63808643;1638086,43;0,91609;2,48;85,63;;;
18/04/2023;15882,67;7,89;1,83972074;1839720,74;0,9122;2,47;85,48;;;
19/04/2023;15895,2;5,99;1,8532944;1853294,4;0,91253;2,504;85,34;;;
20/04/2023;15795,97;8,65;1,87302615;1873026,15;0,91087;2,444;83,29;;;
21/04/2023;15881,66;12,44;1,81484635;1814846,35;0,91129;2,486;83,36;;;
24/04/2023;15863,95;11,83;1,67146464;1671464,64;0,90666;2,49;84,23;;;
25/04/2023;15872,13;7,46;1,67960706;1679607,06;0,91095;2,378;82,13;;;
26/04/2023;15795,73;6,05;1,70965049;1709650,49;0,90551;2,385;79,19;;;
27/04/2023;15800,45;6,77;1,69968527;1699685,27;0,90822;2,453;80,11;;;
28/04/2023;15922,38;9,47;1,71789751;1717897,51;0,9058;2,32;81,32;;;
01/05/2023;15922,38;10,94;1,71932621;1719326,21;0,91071;2,32;81,32;;;
02/05/2023;15726,94;9,76;1,68277626;1682776,26;0,91083;2,252;76,71;;;
03/05/2023;15815,06;8,73;1,64919059;1649190,59;0,90473;2,25;72,91;;;
04/05/2023;15734,24;10,89;1,60586701;1605867,01;0,90905;2,197;73;;;
05/05/2023;15961,02;12,9;1,58230792;1582307,92;0,90855;2,293;75,85;;;
08/05/2023;15952,83;10,48;1,60372876;1603728,76;0,90794;2,319;75,85;;;
09/05/2023;15955,48;11,76;1,58812357;1588123,57;0,91278;2,337;77,76;;;
10/05/2023;15896,23;14,27;1,59480759;1594807,59;0,91141;2,295;76,7;;;
11/05/2023;15834,91;15,43;1,65166249;1651662,49;0,91592;2,217;75,32;;;
12/05/2023;15913,82;15,48;1,66004591;1660045,91;0,9206;2,266;74,54;;;
15/05/2023;15917,24;15,27;1,62269226;1622692,26;0,92034;2,31;75,46;;;
16/05/2023;15897,93;11,59;1,62161774;1621617,74;0,92026;2,34;75,15;;;
17/05/2023;15951,3;10,08;1,59532455;1595324,55;0,92417;2,338;76,98;;;
18/05/2023;16163,36;10,78;1,51348083;1513480,83;0,92855;2,413;75,75;;;
19/05/2023;16275,38;12,91;1,46404717;1464047,17;0,92704;2,423;75,42;;;
22/05/2023;16223,99;19,19;1,35889408;1358894,08;0,92601;2,451;75,77;;;
23/05/2023;16152,86;15,23;1,33688472;1336884,72;0,92777;2,463;76,66;;;
24/05/2023;15842,13;11,8;1,34537412;1345374,12;0,92915;2,452;77,99;;;
25/05/2023;15793,8;14,35;1,35574038;1355740,38;0,9321;2,489;75,66;;;
26/05/2023;15983,97;13,62;1,3544359;1354435,9;0,9341;2,539;76,33;;;
29/05/2023;15952,73;15,47;1,30902242;1309022,42;0,93379;2,433;76,33;;;
30/05/2023;15908,91;15,55;1,28216272;1282162,72;0,93218;2,34;73,38;;;
31/05/2023;15664,02;17,26;1,20814732;1208147,32;0,938;2,269;71,98;;;
01/06/2023;15853,66;16,12;1,17187472;1171874,72;0,93184;2,26;74,18;;;
02/06/2023;16051,23;12,78;1,14688431;1146884,31;0,93236;2,308;76;;;
05/06/2023;15963,89;18,04;1,16898527;1168985,27;0,93358;2,374;76,61;;;
06/06/2023;15992,44;18,37;1,18478567;1184785,67;0,93541;2,37;76,22;;;
07/06/2023;15960,56;20,31;1,22590551;1225905,51;0,93392;2,443;76,85;;;
08/06/2023;15989,96;21,33;1,22083629;1220836,29;0,92846;2,422;75,88;;;
09/06/2023;15949,84;20,87;1,22846471;1228464,71;0,92963;2,38;74,74;;;
12/06/2023;16097,87;20,42;1,23265967;1232659,67;0,93045;2,382;71,8;;;
13/06/2023;16230,68;17,98;1,22152484;1221524,84;0,92571;2,426;74,24;;;
14/06/2023;16310,79;16,98;1,21178679;1211786,79;0,92128;2,445;73,39;;;
15/06/2023;16290,12;17,48;1,27415257;1274152,57;0,91646;2,505;75,75;;;
16/06/2023;16357,63;15,81;1,35256869;1352568,69;0,91529;2,464;76,76;;;
19/06/2023;16201,2;23,01;1,44918513;1449185,13;0,91537;2,517;76,09;;;
20/06/2023;16111,32;23,69;1,51687506;1516875,06;0,91726;2,406;75,79;;;
21/06/2023;16023,13;23,77;1,56853157;1568531,57;0,91283;2,429;76,92;;;
22/06/2023;15988,16;22,91;1,59474478;1594744,78;0,91245;2,486;73,93;;;
23/06/2023;15829,94;17,85;1,56752046;1567520,46;0,91891;2,359;73,56;;;
26/06/2023;15813,06;23,08;1,49617072;1496170,72;0,91667;2,3;73,86;;;
27/06/2023;15846,86;17,3;1,44715472;1447154,72;0,91324;2,365;71,88;;;
28/06/2023;15949;18,26;1,43427444;1434274,44;0,91739;2,314;73,64;;;
29/06/2023;15946,72;21,27;1,4307956;1430795,6;0,9184;2,413;73,86;;;
30/06/2023;16147,9;18,91;1,44501716;1445017,16;0,91659;2,394;74,51;;;
03/07/2023;16081,04;17,69;1,39313569;1393135,69;0,91688;2,432;74,52;;;
04/07/2023;16039,17;18,1;1,37676813;1376768,13;0,91726;2,455;76,23;;;
05/07/2023;15937,58;18,81;1,31700036;1317000,36;0,91962;2,479;76,74;;;
06/07/2023;15528,54;18,48;1,2763932;1276393,2;0,92017;2,628;76,72;;;
07/07/2023;15603,4;21,84;1,24246799;1242467,99;0,91328;2,636;78,77;;;
10/07/2023;15673,16;23,4;1,33804529;1338045,29;0,91104;2,632;77,83;;;
11/07/2023;15790,34;24,5;1,35390391;1353903,91;0,90988;2,649;79,54;;;
12/07/2023;16023;23,84;1,36756812;1367568,12;0,8992;2,548;80,35;;;
13/07/2023;16141,03;20,81;1,3505627;1350562,7;0,8933;2,465;81,31;;;
14/07/2023;16105,07;20,78;1,34387962;1343879,62;0,88948;2,475;79,9;;;
17/07/2023;16068,65;22,08;1,27715261;1277152,61;0,89027;2,453;77,8;;;
18/07/2023;16125,49;19,84;1,28642474;1286424,74;0,88996;2,348;79,54;;;
19/07/2023;16108,93;20,93;1,31580011;1315800,11;0,89358;2,397;79,38;;;
20/07/2023;16204,22;18,37;1,33051332;1330513,32;0,89706;2,45;79,62;;;
21/07/2023;16177,22;17,87;1,35382703;1353827,03;0,89981;2,428;81,06;;;
24/07/2023;16190,95;21,87;1,35165052;1351650,52;0,90253;2,389;82,53;;;
25/07/2023;16211,59;17,85;1,32717004;1327170,04;0,90543;2,401;83,46;;;
26/07/2023;16131,46;16,01;1,28401403;1284014,03;0,90383;2,455;82,98;;;
27/07/2023;16406,03;16,07;1,25026787;1250267,87;0,90979;2,435;84,28;;;
28/07/2023;16469,75;20,35;1,21659814;1216598,14;0,90617;2,455;84,49;;;
31/07/2023;16446,83;17,83;1,18573279;1185732,79;0,90699;2,467;85,22;;;
01/08/2023;16240,4;17,72;1,14883592;1148835,92;0,91079;2,523;85,34;;;
02/08/2023;16020,02;18,4;1,11810158;1118101,58;0,91516;2,507;84,01;;;
03/08/2023;15893,38;19,29;1,0860521;1086052,1;0,9147;2,554;86,19;;;
04/08/2023;15951,86;18,77;1,06921016;1069210,16;0,90719;2,538;87,38;;;
07/08/2023;15950,76;15,82;1,07108276;1071082,76;0,9088;2,561;86,47;;;
08/08/2023;15774,93;15,29;1,08340737;1083407,37;0,91353;2,442;88;;;
09/08/2023;15852,58;15,23;1,11037834;1110378,34;0,91046;2,466;89,31;;;
10/08/2023;15996,52;16,41;1,14686373;1146863,73;0,90756;2,503;87,44;;;
11/08/2023;15832,17;19,71;1,15824083;1158240,83;0,91141;2,621;87,93;;;
14/08/2023;15904,25;23,59;1,18244286;1182442,86;0,91705;2,637;87,4;;;
15/08/2023;15767,28;24,5;1,19863995;1198639,95;0,91412;2,677;86,28;;;
16/08/2023;15789,45;23,42;1,21658459;1216584,59;0,91684;2,643;84,49;;;
17/08/2023;15676,9;22,2;1,22423742;1224237,42;0,91832;2,699;85,24;;;
18/08/2023;15574,26;24,02;1,23427769;1234277,69;0,91967;2,62;85,92;;;
21/08/2023;15603,28;22,96;1,2973028;1297302,8;0,91848;2,706;85,44;;;
22/08/2023;15705,62;21,32;1,36812429;1368124,29;0,92162;2,655;84,7;;;
23/08/2023;15728,41;21,15;1,4284751;1428475,1;0,92196;2,52;83,94;;;
24/08/2023;15621,49;23,09;1,49783632;1497836,32;0,92255;2,523;84,07;;;
25/08/2023;15631,82;23,4;1,55090053;1550900,53;0,92846;2,556;85,42;;;
28/08/2023;15792,61;15,81;1,62791231;1627912,31;0,92545;2,566;85,42;;;
29/08/2023;15930,88;15,66;1,64005373;1640053,73;0,92345;2,51;86,37;;;
30/08/2023;15891,93;15,63;1,62975696;1629756,96;0,91504;2,536;86,62;;;
31/08/2023;15947,08;14,67;1,58463015;1584630,15;0,92136;2,471;87,29;;;
;;;;;;;;;;
;;;;;;;;;;
;;;;;;;;;;
;;;;;;;;;;
;;;;;;;;;;
;;;;;;;;;;
;;;;;;;;;;
;;;;;;;;;;
;;;;;;;;;;
;;;;;;;;;;
;;;;;;;;;;
;;;;;;;;;;
;;;;;;;;;;
;;;;;;;;;;
;;;;;;;;;;
;;;;;;;;;;
;;;;;;;;;;
;;;;;;;;;;
;;;;;;;;;;
;;;;;;;;;;
;;;;;;;;;;
;;;;;;;;;;
;;;;;;;;;;
;;;;;;;;;;
;;;;;;;;;;
